file,raw_hrr,scaled_linear,affine_linear,cychrr_t,dataset,target,scenario,ID
A1085.xlsx,0.08381351392715031,0.052453119161109354,0.05682420476124723,0.05059324515570431,Graded-test temporal holdout,vo2r,all observations,
A1086.xlsx,0.05142109771767731,0.020989084804013694,0.028103513574318457,0.02160631004167042,Graded-test temporal holdout,vo2r,all observations,
A1088.xlsx,0.043118060449082944,0.0354336872114755,0.03192868260535684,0.03412718467543308,Graded-test temporal holdout,vo2r,all observations,
A1096.xlsx,0.04115126676602093,0.02226278452361919,0.030797419107568003,0.01721478827338615,Graded-test temporal holdout,vo2r,all observations,
A1106.xlsx,0.07580158400233225,0.053903436521858396,0.056451212437323255,0.04937435720042936,Graded-test temporal holdout,vo2r,all observations,
A1108.xlsx,0.029801229801229772,0.012730164995203352,0.012201414430008313,0.01821406569239508,Graded-test temporal holdout,vo2r,all observations,
A1116.xlsx,0.034270396695219016,0.06309843017681382,0.057306489146567635,0.06421876923834488,Graded-test temporal holdout,vo2r,all observations,
A1117.xlsx,0.06740645125471906,0.03711650844631834,0.04247986537402784,0.03327544504567775,Graded-test temporal holdout,vo2r,all observations,
A1120.xlsx,0.08910236482492591,0.05989523434130777,0.06563646295800947,0.05357113003571323,Graded-test temporal holdout,vo2r,all observations,
A202.xlsx,0.06753183352996217,0.033794440414004395,0.035302463372271914,0.03323340093400336,Graded-test temporal holdout,vo2r,all observations,
A203.xlsx,0.07994492463370934,0.04525933573403416,0.046370103336122064,0.04315109367664554,Graded-test temporal holdout,vo2r,all observations,
A204.xlsx,0.05381302215387172,0.027351002075058972,0.031249115196106625,0.021688940094203607,Graded-test temporal holdout,vo2r,all observations,
A205.xlsx,0.0379723317898588,0.028699611625605786,0.021986918768942796,0.027807759772761034,Graded-test temporal holdout,vo2r,all observations,
A207.xlsx,0.057860202680830926,0.035504475835202096,0.03382161164365666,0.03196243578635916,Graded-test temporal holdout,vo2r,all observations,
A208.xlsx,0.048771929824561466,0.014141021100410555,0.017370627185201125,0.016422233112896055,Graded-test temporal holdout,vo2r,all observations,
A220.xlsx,0.042412580604519544,0.02258749743807623,0.02443521094077855,0.02094462861646297,Graded-test temporal holdout,vo2r,all observations,
A221.xlsx,0.04365322177822187,0.02354431011659821,0.026298625557787725,0.0225773924883991,Graded-test temporal holdout,vo2r,all observations,
A226.xlsx,0.06882760212324027,0.0398816081144386,0.04060718809864524,0.04129967444304229,Graded-test temporal holdout,vo2r,all observations,
A232.xlsx,0.023650601017105866,0.0474991237102794,0.04575598645328796,0.047800962276507784,Graded-test temporal holdout,vo2r,all observations,
A236.xlsx,0.04093880613010398,0.03061356410989785,0.02221731814885155,0.03119446903224974,Graded-test temporal holdout,vo2r,all observations,
A237.xlsx,0.05204292568395267,0.022392341624552926,0.028092713831661585,0.021958199986971398,Graded-test temporal holdout,vo2r,all observations,
A238.xlsx,0.03625772623098821,0.022016577343733572,0.026520035635458954,0.02234820882500227,Graded-test temporal holdout,vo2r,all observations,
A239.xlsx,0.022726423833144063,0.037614295984031106,0.03540230406305408,0.041628440840183335,Graded-test temporal holdout,vo2r,all observations,
A240.xlsx,0.048340841145516324,0.026608113089051637,0.030631391604346726,0.021731162818660055,Graded-test temporal holdout,vo2r,all observations,
A241.xlsx,0.04219271311028692,0.0228606660910929,0.03177242856893005,0.013640798971766824,Graded-test temporal holdout,vo2r,all observations,
A246.xlsx,0.10660721959604638,0.12227613690085534,0.11177932760197833,0.1324467078946181,Graded-test temporal holdout,vo2r,all observations,
A251.xlsx,0.038213180008845674,0.02469745436296032,0.027911902544424907,0.025398338131128524,Graded-test temporal holdout,vo2r,all observations,
A274.xlsx,0.07394314617585222,0.09975007204956515,0.0925645146196174,0.10099497772685861,Graded-test temporal holdout,vo2r,all observations,
A275.xlsx,0.06045435986321114,0.08642762830902109,0.07877072962666559,0.08809341073207574,Graded-test temporal holdout,vo2r,all observations,
A294.xlsx,0.08422315202231524,0.054110494670768415,0.059092832345993614,0.054089345875743204,Graded-test temporal holdout,vo2r,all observations,
A295.xlsx,0.11169967576858472,0.08042300804499734,0.08361545822266511,0.08073278916669517,Graded-test temporal holdout,vo2r,all observations,
A3000.xlsx,0.0430469138674058,0.029966316808522502,0.020249967748538236,0.03211110565393328,Graded-test temporal holdout,vo2r,all observations,
A3001.xlsx,0.07667004048583001,0.08558910355620943,0.07817700338474351,0.08921707306581109,Graded-test temporal holdout,vo2r,all observations,
A3002.xlsx,0.0843979868370113,0.05648291744753545,0.054951475836575926,0.05824376198309319,Graded-test temporal holdout,vo2r,all observations,
A3003.xlsx,0.03603896103896106,0.01497992789305959,0.01950659681054297,0.01958114710548898,Graded-test temporal holdout,vo2r,all observations,
A3005.xlsx,0.6667610736193549,0.634740564780146,0.637016923108415,0.6351628329335887,Graded-test temporal holdout,vo2r,all observations,
A3008.xlsx,0.02244580404776019,0.041523908041167526,0.035718678932168735,0.04536850146999886,Graded-test temporal holdout,vo2r,all observations,
A3009.xlsx,0.025166548756042923,0.04055067663083274,0.0344851993791984,0.047360019139545746,Graded-test temporal holdout,vo2r,all observations,
A3010.xlsx,0.011064030131826672,0.03686748379190458,0.03360249240444279,0.039619683554125776,Graded-test temporal holdout,vo2r,all observations,
A3011.xlsx,0.020213678032051676,0.010980023986376026,0.010900704609903524,0.01652211812136663,Graded-test temporal holdout,vo2r,all observations,
A3012.xlsx,0.060142381012146286,0.024707715013468284,0.025177087591129372,0.02661163019336016,Graded-test temporal holdout,vo2r,all observations,
A3013.xlsx,0.053168044077135,0.030790266035707895,0.034715465916463344,0.025449197099506323,Graded-test temporal holdout,vo2r,all observations,
A3014.xlsx,0.020463354903582604,0.023020881843629354,0.0202763250277631,0.02594908297284516,Graded-test temporal holdout,vo2r,all observations,
A3018.xlsx,0.06227106227106223,0.04058959722963247,0.040720560524365894,0.036954790973294495,Graded-test temporal holdout,vo2r,all observations,
A3019.xlsx,0.06915652339292512,0.04411929397187858,0.04421747292929694,0.0470981884107279,Graded-test temporal holdout,vo2r,all observations,
A3020.xlsx,0.010974588496914135,0.027119970451704792,0.020242624784714707,0.031544153720344574,Graded-test temporal holdout,vo2r,all observations,
A3022.xlsx,0.07058238918704035,0.05769505490313617,0.047870652674347945,0.06374771606076877,Graded-test temporal holdout,vo2r,all observations,
A3023.xlsx,0.050361364403917586,0.037695861705495826,0.039194861352829805,0.029821006416751093,Graded-test temporal holdout,vo2r,all observations,
A3024.xlsx,0.10122165914711934,0.07204800784528873,0.06882712096188165,0.07386961119665869,Graded-test temporal holdout,vo2r,all observations,
A3027.xlsx,0.05050971538040507,0.033429518373940294,0.03750972144605051,0.028102535853853715,Graded-test temporal holdout,vo2r,all observations,
A3031.xlsx,0.0760103383458646,0.04721218213933584,0.05117238101141608,0.046360966532008406,Graded-test temporal holdout,vo2r,all observations,
A3032.xlsx,0.046473311933642035,0.06220360028188077,0.05828419457627718,0.06923177038252463,Graded-test temporal holdout,vo2r,all observations,
A3036.xlsx,0.04836601307189539,0.02522970715566834,0.03366594336791209,0.02012718229748785,Graded-test temporal holdout,vo2r,all observations,
A3037.xlsx,0.02016353881118063,0.035372254334318246,0.034667731230229044,0.035280646187126265,Graded-test temporal holdout,vo2r,all observations,
A3039.xlsx,0.042798475243771436,0.0338791874311462,0.040269125510588255,0.028836321326788882,Graded-test temporal holdout,vo2r,all observations,
A3041.xlsx,0.06462379421221864,0.09144689732155264,0.0835805879803723,0.09431004872560864,Graded-test temporal holdout,vo2r,all observations,
A3043.xlsx,0.04188286163522009,0.0688159714553396,0.06225896929091297,0.07196079497301386,Graded-test temporal holdout,vo2r,all observations,
A3045.xlsx,0.06807407280631186,0.06979964281253631,0.059141190800515935,0.0790369443351322,Graded-test temporal holdout,vo2r,all observations,
A3049.xlsx,0.05912548615877372,0.039515438573009876,0.04521954208147006,0.033476305832921306,Graded-test temporal holdout,vo2r,all observations,
A3051.xlsx,0.079629556511935,0.054204524543467,0.054428875161686666,0.05296721991783548,Graded-test temporal holdout,vo2r,all observations,
A3052.xlsx,0.04017551385972436,0.043216251295229526,0.03658400431111219,0.04115890479017317,Graded-test temporal holdout,vo2r,all observations,
A3053.xlsx,0.026976704521227475,0.0313554128887548,0.025438758658866356,0.042285025373068066,Graded-test temporal holdout,vo2r,all observations,
A3056.xlsx,0.06188814531548755,0.03031137472551282,0.03471220077395139,0.028531499662742682,Graded-test temporal holdout,vo2r,all observations,
A3057.xlsx,0.11234850966262694,0.08018199587890884,0.08251897534627606,0.07620364444252847,Graded-test temporal holdout,vo2r,all observations,
A3058.xlsx,0.023076923076923148,0.02588348315448801,0.030762046200886774,0.026199729778066227,Graded-test temporal holdout,vo2r,all observations,
A3059.xlsx,0.021816891150630135,0.035713706340473494,0.028726668285893073,0.03928605375071837,Graded-test temporal holdout,vo2r,all observations,
A3060.xlsx,0.05106336107836484,0.042282890674224326,0.04484735017459294,0.03409005283753315,Graded-test temporal holdout,vo2r,all observations,
A3062.xlsx,0.02735835490365259,0.035502906514052426,0.03542177458767079,0.03552994916247946,Graded-test temporal holdout,vo2r,all observations,
A3063.xlsx,0.034392544607341716,0.014436670778388182,0.021545152059424727,0.008652983283320865,Graded-test temporal holdout,vo2r,all observations,
A3066.xlsx,0.02423043805833601,0.032656140136865824,0.026396437776476683,0.0345140520111168,Graded-test temporal holdout,vo2r,all observations,
A3071.xlsx,0.0723358821476795,0.039643774443427975,0.042478500051097635,0.036456150222731055,Graded-test temporal holdout,vo2r,all observations,
A3072.xlsx,0.10100767754318617,0.06822902295151692,0.06957167227943722,0.07061916964017158,Graded-test temporal holdout,vo2r,all observations,
A4000.xlsx,0.059281582172066916,0.04669506458436365,0.037912821988178094,0.05072847934950352,Graded-test temporal holdout,vo2r,all observations,
A4001.xlsx,0.051345508334755624,0.027676216236523547,0.023412051645075926,0.031166149986520435,Graded-test temporal holdout,vo2r,all observations,
A530.xlsx,0.08795946876406871,0.058274618541940985,0.06302860967426394,0.05675686943195772,Graded-test temporal holdout,vo2r,all observations,
A531.xlsx,0.0472422173003568,0.03537617454408703,0.04391654706454998,0.030107429156773904,Graded-test temporal holdout,vo2r,all observations,
A535.xlsx,0.1891018870932388,0.1534494474750636,0.15125283151579066,0.15266199975120084,Graded-test temporal holdout,vo2r,all observations,
A536.xlsx,0.008335310868533514,0.024259229537199764,0.022775288791167157,0.025572322271936107,Graded-test temporal holdout,vo2r,all observations,
A538.xlsx,0.07481005711812395,0.05080913991606513,0.05192029572893365,0.049012537613239204,Graded-test temporal holdout,vo2r,all observations,
A543.xlsx,0.02943181818181822,0.017727493632963838,0.02275793540236397,0.01301505353914615,Graded-test temporal holdout,vo2r,all observations,
A547.xlsx,0.01632619478596117,0.031858180958127334,0.027398724601630047,0.037101316385023085,Graded-test temporal holdout,vo2r,all observations,
A577.xlsx,0.0816923754105418,0.05284628689853098,0.058094894270507055,0.04710191594822019,Graded-test temporal holdout,vo2r,all observations,
A582.xlsx,0.05526059232715008,0.06952238516231436,0.06313358792809759,0.0745541522221736,Graded-test temporal holdout,vo2r,all observations,
A600.xlsx,0.0453938584779706,0.04361562349135941,0.03124983771896761,0.05123487037966388,Graded-test temporal holdout,vo2r,all observations,
A1085.xlsx,0.09035375399011761,0.05918758732601966,0.06251612721131757,0.0535543914877963,Graded-test temporal holdout,vo2r,exclude each unit target maximum,
A1086.xlsx,0.052757405966731105,0.023806446556484277,0.03027185141889127,0.019878299555402466,Graded-test temporal holdout,vo2r,exclude each unit target maximum,
A1088.xlsx,0.04926750507339756,0.03339180341931275,0.027743721536398175,0.03233149744001095,Graded-test temporal holdout,vo2r,exclude each unit target maximum,
A1096.xlsx,0.04470938897168413,0.021577018821684762,0.0296702552525502,0.018630902449908702,Graded-test temporal holdout,vo2r,exclude each unit target maximum,
A1106.xlsx,0.08399153471146215,0.0601243346778117,0.061173217819104696,0.05488894165868469,Graded-test temporal holdout,vo2r,exclude each unit target maximum,
A1108.xlsx,0.028503503503503464,0.013899757418860672,0.011346988407721359,0.016501736537927154,Graded-test temporal holdout,vo2r,exclude each unit target maximum,
A1116.xlsx,0.03897307054770153,0.06611238671499757,0.05782450155905637,0.0724462903903946,Graded-test temporal holdout,vo2r,exclude each unit target maximum,
A1117.xlsx,0.07228514323784144,0.041008266610022874,0.04550845826972288,0.035085709108365164,Graded-test temporal holdout,vo2r,exclude each unit target maximum,
A1120.xlsx,0.09264821569048132,0.0653635352205796,0.0734723941705019,0.05870316353410576,Graded-test temporal holdout,vo2r,exclude each unit target maximum,
A202.xlsx,0.07171625006538151,0.03784165261502422,0.037834572411777075,0.032518041384285726,Graded-test temporal holdout,vo2r,exclude each unit target maximum,
A203.xlsx,0.08473249107801657,0.051276469859565285,0.051784895274854394,0.044005580699606146,Graded-test temporal holdout,vo2r,exclude each unit target maximum,
A204.xlsx,0.05830310011697434,0.02827594118763077,0.031078855540195263,0.023014956393580564,Graded-test temporal holdout,vo2r,exclude each unit target maximum,
A205.xlsx,0.0399826597305589,0.030588541980165907,0.020826059756219872,0.029724955697138455,Graded-test temporal holdout,vo2r,exclude each unit target maximum,
A207.xlsx,0.06372703064785566,0.037985002014915836,0.03408979934729329,0.03509922671285575,Graded-test temporal holdout,vo2r,exclude each unit target maximum,
A208.xlsx,0.04971804511278202,0.017251568183890537,0.019237712038209287,0.011617382841320467,Graded-test temporal holdout,vo2r,exclude each unit target maximum,
A220.xlsx,0.044303238252315635,0.023358740446993063,0.0239232000014244,0.02015179226575199,Graded-test temporal holdout,vo2r,exclude each unit target maximum,
A221.xlsx,0.045129870129870193,0.025519810588409648,0.02705536262425393,0.023129901169414855,Graded-test temporal holdout,vo2r,exclude each unit target maximum,
A226.xlsx,0.07222132471728597,0.045735143838499435,0.046149494228620025,0.040105409090388344,Graded-test temporal holdout,vo2r,exclude each unit target maximum,
A232.xlsx,0.028224687933425807,0.0484920515973525,0.04407365497416581,0.05575906455675976,Graded-test temporal holdout,vo2r,exclude each unit target maximum,
A236.xlsx,0.042718587810217916,0.03286234758730289,0.021598113939018695,0.03272188839864711,Graded-test temporal holdout,vo2r,exclude each unit target maximum,
A237.xlsx,0.05179227673102727,0.02414944820441219,0.0318172230185658,0.017409733077334393,Graded-test temporal holdout,vo2r,exclude each unit target maximum,
A238.xlsx,0.03813161628287675,0.022224034546963527,0.025640309010525362,0.022235024961749957,Graded-test temporal holdout,vo2r,exclude each unit target maximum,
A239.xlsx,0.022252862179952322,0.04051823094765351,0.03632599282535245,0.04506972792254954,Graded-test temporal holdout,vo2r,exclude each unit target maximum,
A240.xlsx,0.051151680996249026,0.028362234635991277,0.03135476259006056,0.022935009586866024,Graded-test temporal holdout,vo2r,exclude each unit target maximum,
A241.xlsx,0.04687313075726753,0.020890835661816383,0.029454105676415904,0.014986425007920544,Graded-test temporal holdout,vo2r,exclude each unit target maximum,
A246.xlsx,0.11166201117318435,0.12349874755350936,0.11026861978617121,0.1337914717744125,Graded-test temporal holdout,vo2r,exclude each unit target maximum,
A251.xlsx,0.03968008255933956,0.026431512076285375,0.028162744106515692,0.024729433702002885,Graded-test temporal holdout,vo2r,exclude each unit target maximum,
A274.xlsx,0.08323362433588886,0.10908412553433146,0.0992089754859901,0.11538484141471048,Graded-test temporal holdout,vo2r,exclude each unit target maximum,
A275.xlsx,0.06706705979752794,0.09275721745959378,0.08268459324144163,0.09902835554025496,Graded-test temporal holdout,vo2r,exclude each unit target maximum,
A294.xlsx,0.08848455867702736,0.06031364638795846,0.06733104947564525,0.05404592308094503,Graded-test temporal holdout,vo2r,exclude each unit target maximum,
A295.xlsx,0.11968826907301067,0.09048296886030745,0.09622645158239822,0.08356023470413954,Graded-test temporal holdout,vo2r,exclude each unit target maximum,
A3000.xlsx,0.041940454730476216,0.0325937006016611,0.02250140478906821,0.03166213056402452,Graded-test temporal holdout,vo2r,exclude each unit target maximum,
A3001.xlsx,0.08268266820898407,0.0927491726389606,0.08316753410523511,0.09662381552007415,Graded-test temporal holdout,vo2r,exclude each unit target maximum,
A3002.xlsx,0.08928571428571436,0.06334437032116556,0.060505103987350956,0.05986221132505649,Graded-test temporal holdout,vo2r,exclude each unit target maximum,
A3003.xlsx,0.036042629686697504,0.01619526193584453,0.019457418158096772,0.016841846764313412,Graded-test temporal holdout,vo2r,exclude each unit target maximum,
A3005.xlsx,0.6395963136619559,0.6088740674838229,0.6127493261917741,0.6044871573444379,Graded-test temporal holdout,vo2r,exclude each unit target maximum,
A3008.xlsx,0.022319538366621112,0.04473627994646133,0.03660658620424145,0.05139252201446012,Graded-test temporal holdout,vo2r,exclude each unit target maximum,
A3009.xlsx,0.024408317939446353,0.04379251504071054,0.03575366598355293,0.049924437562667644,Graded-test temporal holdout,vo2r,exclude each unit target maximum,
A3010.xlsx,0.011672159447583106,0.03711554769580496,0.03147432792918769,0.04426502473142691,Graded-test temporal holdout,vo2r,exclude each unit target maximum,
A3011.xlsx,0.019158477873771628,0.010011759062557293,0.00797628710240785,0.016245750732764852,Graded-test temporal holdout,vo2r,exclude each unit target maximum,
A3012.xlsx,0.0638580931263858,0.029303509570703202,0.0275455653398341,0.025473647145369926,Graded-test temporal holdout,vo2r,exclude each unit target maximum,
A3013.xlsx,0.05707070707070707,0.030912946774530874,0.03401929213447485,0.02657997539531553,Graded-test temporal holdout,vo2r,exclude each unit target maximum,
A3014.xlsx,0.02001654259718775,0.023680654428681624,0.01828105827696903,0.030542060490786595,Graded-test temporal holdout,vo2r,exclude each unit target maximum,
A3018.xlsx,0.06900452488687778,0.04378684558994884,0.042008628875965286,0.04106983835934236,Graded-test temporal holdout,vo2r,exclude each unit target maximum,
A3019.xlsx,0.07350452120326602,0.04971000252952502,0.048091672039593115,0.048294995509326345,Graded-test temporal holdout,vo2r,exclude each unit target maximum,
A3020.xlsx,0.0098327949838495,0.027608396744372196,0.01841618400665742,0.03405403925317126,Graded-test temporal holdout,vo2r,exclude each unit target maximum,
A3022.xlsx,0.07333966905187836,0.06425199718591876,0.05305989990656898,0.06682952559922266,Graded-test temporal holdout,vo2r,exclude each unit target maximum,
A3023.xlsx,0.057088258471237184,0.03510053464624457,0.03492011934943443,0.031493301812450754,Graded-test temporal holdout,vo2r,exclude each unit target maximum,
A3024.xlsx,0.1070466354480723,0.07968938683212443,0.0772809149398335,0.07627558150380408,Graded-test temporal holdout,vo2r,exclude each unit target maximum,
A3027.xlsx,0.0550880313811349,0.03336022737712227,0.03659527990563055,0.031064131146572607,Graded-test temporal holdout,vo2r,exclude each unit target maximum,
A3031.xlsx,0.08018673056267034,0.05345807113056043,0.057324830833519594,0.047649007134720194,Graded-test temporal holdout,vo2r,exclude each unit target maximum,
A3032.xlsx,0.048419168820839104,0.07124139845085578,0.06484067178896456,0.07822392559651169,Graded-test temporal holdout,vo2r,exclude each unit target maximum,
A3036.xlsx,0.05263480392156863,0.02478832405413922,0.03287700827694459,0.02245655255798147,Graded-test temporal holdout,vo2r,exclude each unit target maximum,
A3037.xlsx,0.021820794576821876,0.033902750866988456,0.03182259866618123,0.037724273584517624,Graded-test temporal holdout,vo2r,exclude each unit target maximum,
A3039.xlsx,0.045281703159259314,0.03065672610867331,0.03658487843949657,0.02693736565552011,Graded-test temporal holdout,vo2r,exclude each unit target maximum,
A3041.xlsx,0.07143837084673099,0.09719510921031822,0.08720448373720721,0.10347283367835687,Graded-test temporal holdout,vo2r,exclude each unit target maximum,
A3043.xlsx,0.04694519317160822,0.07348029450772144,0.06444827694163512,0.0799576889500614,Graded-test temporal holdout,vo2r,exclude each unit target maximum,
A3045.xlsx,0.06474280139754468,0.0729059678261341,0.06239079828527574,0.07845715744372882,Graded-test temporal holdout,vo2r,exclude each unit target maximum,
A3049.xlsx,0.06568454423636305,0.04085473915176548,0.04570519061148871,0.03751088113565148,Graded-test temporal holdout,vo2r,exclude each unit target maximum,
A3051.xlsx,0.08576321712006948,0.059337014968646205,0.05807519127803456,0.05576808845170753,Graded-test temporal holdout,vo2r,exclude each unit target maximum,
A3052.xlsx,0.04412001287001286,0.04217616778451782,0.03332190056980668,0.04312018663979103,Graded-test temporal holdout,vo2r,exclude each unit target maximum,
A3053.xlsx,0.019364574005903256,0.03168053735074807,0.026702300759344027,0.03893631963114775,Graded-test temporal holdout,vo2r,exclude each unit target maximum,
A3056.xlsx,0.06352949507825222,0.033259823924463805,0.03769246011846192,0.027381171814089778,Graded-test temporal holdout,vo2r,exclude each unit target maximum,
A3057.xlsx,0.12344833118311195,0.09041557849383285,0.09144528841671153,0.0837509966800746,Graded-test temporal holdout,vo2r,exclude each unit target maximum,
A3058.xlsx,0.025996225996226054,0.02388524945212504,0.02793992510674409,0.02687265453222893,Graded-test temporal holdout,vo2r,exclude each unit target maximum,
A3059.xlsx,0.022284758138119865,0.036705087038624004,0.02790240150771108,0.043145933107076005,Graded-test temporal holdout,vo2r,exclude each unit target maximum,
A3060.xlsx,0.05720849855320976,0.04238698290128192,0.04381204135799425,0.03759186698944569,Graded-test temporal holdout,vo2r,exclude each unit target maximum,
A3062.xlsx,0.029137050275963163,0.03651560609972875,0.03475979948403439,0.0397108533065796,Graded-test temporal holdout,vo2r,exclude each unit target maximum,
A3063.xlsx,0.03741586796479395,0.01202896736321831,0.0186382665044079,0.009374070305666596,Graded-test temporal holdout,vo2r,exclude each unit target maximum,
A3066.xlsx,0.025439365284376562,0.03338508169416886,0.02456805172532306,0.0384269051080832,Graded-test temporal holdout,vo2r,exclude each unit target maximum,
A3071.xlsx,0.07718832833757053,0.044594030633368476,0.04616372823603778,0.03729684970287404,Graded-test temporal holdout,vo2r,exclude each unit target maximum,
A3072.xlsx,0.10638881272278586,0.07517104644500562,0.07843603783246743,0.0716590894050549,Graded-test temporal holdout,vo2r,exclude each unit target maximum,
A4000.xlsx,0.0570418697101821,0.048345146522627475,0.039979341738027495,0.04741962903479829,Graded-test temporal holdout,vo2r,exclude each unit target maximum,
A4001.xlsx,0.04701100870455707,0.025846164192657534,0.022563197163387734,0.024309230562792487,Graded-test temporal holdout,vo2r,exclude each unit target maximum,
A530.xlsx,0.09587178003003852,0.06500933792127365,0.0687119356312327,0.06021166650762596,Graded-test temporal holdout,vo2r,exclude each unit target maximum,
A531.xlsx,0.0515959533038021,0.0359299864313048,0.044077085771259655,0.03330140328657798,Graded-test temporal holdout,vo2r,exclude each unit target maximum,
A535.xlsx,0.20899242107220908,0.174613977523314,0.17398637595531796,0.16800925118342083,Graded-test temporal holdout,vo2r,exclude each unit target maximum,
A536.xlsx,0.008373449047393098,0.022697610744986392,0.019349606392316303,0.028953038768345256,Graded-test temporal holdout,vo2r,exclude each unit target maximum,
A538.xlsx,0.08121877761546642,0.05811251290330613,0.05746343604676885,0.052472120250043865,Graded-test temporal holdout,vo2r,exclude each unit target maximum,
A543.xlsx,0.033226381461675614,0.013668892825698695,0.017764327803270467,0.013066188435399948,Graded-test temporal holdout,vo2r,exclude each unit target maximum,
A547.xlsx,0.015015632713509955,0.03398604671532628,0.026851486521926576,0.040839532020966,Graded-test temporal holdout,vo2r,exclude each unit target maximum,
A577.xlsx,0.08809839943116687,0.05788787304824662,0.06239335012370316,0.05119300162681782,Graded-test temporal holdout,vo2r,exclude each unit target maximum,
A582.xlsx,0.05930046976632138,0.07706509410893907,0.06803307654285275,0.08135025250349112,Graded-test temporal holdout,vo2r,exclude each unit target maximum,
A600.xlsx,0.043756490134994774,0.04890532690322366,0.036422776603484974,0.05194292854530139,Graded-test temporal holdout,vo2r,exclude each unit target maximum,
A1085.xlsx,0.09392408937863479,0.06448650977289327,0.06994392433569994,0.05730122007517027,Graded-test temporal holdout,vo2r,exclude HRR >= 0.95,
A1086.xlsx,0.052757405966731105,0.023806446556484277,0.03027185141889127,0.019878299555402466,Graded-test temporal holdout,vo2r,exclude HRR >= 0.95,
A1088.xlsx,0.043118060449082944,0.0354336872114755,0.03192868260535684,0.03412718467543308,Graded-test temporal holdout,vo2r,exclude HRR >= 0.95,
A1096.xlsx,0.04470938897168413,0.021577018821684762,0.0296702552525502,0.018630902449908702,Graded-test temporal holdout,vo2r,exclude HRR >= 0.95,
A1106.xlsx,0.08399153471146215,0.0601243346778117,0.061173217819104696,0.05488894165868469,Graded-test temporal holdout,vo2r,exclude HRR >= 0.95,
A1108.xlsx,0.028503503503503464,0.013899757418860672,0.011346988407721359,0.016501736537927154,Graded-test temporal holdout,vo2r,exclude HRR >= 0.95,
A1116.xlsx,0.03897307054770153,0.06611238671499757,0.05782450155905637,0.0724462903903946,Graded-test temporal holdout,vo2r,exclude HRR >= 0.95,
A1117.xlsx,0.07228514323784144,0.041008266610022874,0.04550845826972288,0.035085709108365164,Graded-test temporal holdout,vo2r,exclude HRR >= 0.95,
A1120.xlsx,0.08910236482492591,0.05989523434130777,0.06563646295800947,0.05357113003571323,Graded-test temporal holdout,vo2r,exclude HRR >= 0.95,
A202.xlsx,0.07195937241500888,0.039413190550940114,0.04104214614304743,0.031914088070046996,Graded-test temporal holdout,vo2r,exclude HRR >= 0.95,
A203.xlsx,0.08473249107801657,0.051276469859565285,0.051784895274854394,0.044005580699606146,Graded-test temporal holdout,vo2r,exclude HRR >= 0.95,
A204.xlsx,0.05830310011697434,0.02827594118763077,0.031078855540195263,0.023014956393580564,Graded-test temporal holdout,vo2r,exclude HRR >= 0.95,
A205.xlsx,0.0399826597305589,0.030588541980165907,0.020826059756219872,0.029724955697138455,Graded-test temporal holdout,vo2r,exclude HRR >= 0.95,
A207.xlsx,0.0614114883974794,0.038922573273097893,0.03625301635056245,0.03344210516048921,Graded-test temporal holdout,vo2r,exclude HRR >= 0.95,
A208.xlsx,0.04971804511278202,0.017251568183890537,0.019237712038209287,0.011617382841320467,Graded-test temporal holdout,vo2r,exclude HRR >= 0.95,
A220.xlsx,0.0461787023849845,0.02519212154129647,0.02445940647591388,0.022348690953343957,Graded-test temporal holdout,vo2r,exclude HRR >= 0.95,
A221.xlsx,0.045129870129870193,0.025519810588409648,0.02705536262425393,0.023129901169414855,Graded-test temporal holdout,vo2r,exclude HRR >= 0.95,
A226.xlsx,0.07222132471728597,0.045735143838499435,0.046149494228620025,0.040105409090388344,Graded-test temporal holdout,vo2r,exclude HRR >= 0.95,
A232.xlsx,0.028224687933425807,0.0484920515973525,0.04407365497416581,0.05575906455675976,Graded-test temporal holdout,vo2r,exclude HRR >= 0.95,
A236.xlsx,0.042718587810217916,0.03286234758730289,0.021598113939018695,0.03272188839864711,Graded-test temporal holdout,vo2r,exclude HRR >= 0.95,
A237.xlsx,0.05179227673102727,0.02414944820441219,0.0318172230185658,0.017409733077334393,Graded-test temporal holdout,vo2r,exclude HRR >= 0.95,
A238.xlsx,0.03813161628287675,0.022224034546963527,0.025640309010525362,0.022235024961749957,Graded-test temporal holdout,vo2r,exclude HRR >= 0.95,
A239.xlsx,0.022252862179952322,0.04051823094765351,0.03632599282535245,0.04506972792254954,Graded-test temporal holdout,vo2r,exclude HRR >= 0.95,
A240.xlsx,0.051151680996249026,0.028362234635991277,0.03135476259006056,0.022935009586866024,Graded-test temporal holdout,vo2r,exclude HRR >= 0.95,
A241.xlsx,0.04687313075726753,0.020890835661816383,0.029454105676415904,0.014986425007920544,Graded-test temporal holdout,vo2r,exclude HRR >= 0.95,
A246.xlsx,0.1045623836126629,0.1300568927395168,0.11974331380040282,0.13628027171352966,Graded-test temporal holdout,vo2r,exclude HRR >= 0.95,
A251.xlsx,0.044437564499484036,0.02646207536716385,0.026494528137716456,0.026942889137737968,Graded-test temporal holdout,vo2r,exclude HRR >= 0.95,
A274.xlsx,0.08323362433588886,0.10908412553433146,0.0992089754859901,0.11538484141471048,Graded-test temporal holdout,vo2r,exclude HRR >= 0.95,
A275.xlsx,0.06706705979752794,0.09275721745959378,0.08268459324144163,0.09902835554025496,Graded-test temporal holdout,vo2r,exclude HRR >= 0.95,
A294.xlsx,0.08848455867702736,0.06031364638795846,0.06733104947564525,0.05404592308094503,Graded-test temporal holdout,vo2r,exclude HRR >= 0.95,
A295.xlsx,0.11968826907301067,0.09048296886030745,0.09622645158239822,0.08356023470413954,Graded-test temporal holdout,vo2r,exclude HRR >= 0.95,
A3000.xlsx,0.041940454730476216,0.0325937006016611,0.02250140478906821,0.03166213056402452,Graded-test temporal holdout,vo2r,exclude HRR >= 0.95,
A3001.xlsx,0.09195163389242343,0.10015619754361861,0.08812141287277617,0.10580677571535957,Graded-test temporal holdout,vo2r,exclude HRR >= 0.95,
A3002.xlsx,0.09034345445495277,0.06663519389186845,0.06474576196092129,0.062067536310325,Graded-test temporal holdout,vo2r,exclude HRR >= 0.95,
A3003.xlsx,0.036042629686697504,0.01619526193584453,0.019457418158096772,0.016841846764313412,Graded-test temporal holdout,vo2r,exclude HRR >= 0.95,
A3005.xlsx,0.6093008916714097,0.5800342357859907,0.5857021547478793,0.5731193434985149,Graded-test temporal holdout,vo2r,exclude HRR >= 0.95,
A3008.xlsx,0.022319538366621112,0.04473627994646133,0.03660658620424145,0.05139252201446012,Graded-test temporal holdout,vo2r,exclude HRR >= 0.95,
A3009.xlsx,0.024408317939446353,0.04379251504071054,0.03575366598355293,0.049924437562667644,Graded-test temporal holdout,vo2r,exclude HRR >= 0.95,
A3010.xlsx,0.011672159447583106,0.03711554769580496,0.03147432792918769,0.04426502473142691,Graded-test temporal holdout,vo2r,exclude HRR >= 0.95,
A3011.xlsx,0.019158477873771628,0.010011759062557293,0.00797628710240785,0.016245750732764852,Graded-test temporal holdout,vo2r,exclude HRR >= 0.95,
A3012.xlsx,0.0638580931263858,0.029303509570703202,0.0275455653398341,0.025473647145369926,Graded-test temporal holdout,vo2r,exclude HRR >= 0.95,
A3013.xlsx,0.05944631500187057,0.03363705884875925,0.03596408645144458,0.02899041359382445,Graded-test temporal holdout,vo2r,exclude HRR >= 0.95,
A3014.xlsx,0.02001654259718775,0.023680654428681624,0.01828105827696903,0.030542060490786595,Graded-test temporal holdout,vo2r,exclude HRR >= 0.95,
A3018.xlsx,0.06900452488687778,0.04378684558994884,0.042008628875965286,0.04106983835934236,Graded-test temporal holdout,vo2r,exclude HRR >= 0.95,
A3019.xlsx,0.07197380593475439,0.05125385884484187,0.05108448195868189,0.04731077354152231,Graded-test temporal holdout,vo2r,exclude HRR >= 0.95,
A3020.xlsx,0.0098327949838495,0.027608396744372196,0.01841618400665742,0.03405403925317126,Graded-test temporal holdout,vo2r,exclude HRR >= 0.95,
A3022.xlsx,0.07393943266036287,0.0696770068801275,0.05846870110744778,0.06905018206734799,Graded-test temporal holdout,vo2r,exclude HRR >= 0.95,
A3023.xlsx,0.057088258471237184,0.03510053464624457,0.03492011934943443,0.031493301812450754,Graded-test temporal holdout,vo2r,exclude HRR >= 0.95,
A3024.xlsx,0.11308569229218397,0.08782551499871293,0.08651002336859873,0.08242021514674926,Graded-test temporal holdout,vo2r,exclude HRR >= 0.95,
A3027.xlsx,0.05957512315270943,0.03472620690403318,0.03717181320575313,0.0327378728386004,Graded-test temporal holdout,vo2r,exclude HRR >= 0.95,
A3031.xlsx,0.08018673056267034,0.05345807113056043,0.057324830833519594,0.047649007134720194,Graded-test temporal holdout,vo2r,exclude HRR >= 0.95,
A3032.xlsx,0.048419168820839104,0.07124139845085578,0.06484067178896456,0.07822392559651169,Graded-test temporal holdout,vo2r,exclude HRR >= 0.95,
A3036.xlsx,0.05263480392156863,0.02478832405413922,0.03287700827694459,0.02245655255798147,Graded-test temporal holdout,vo2r,exclude HRR >= 0.95,
A3037.xlsx,0.021537686558421816,0.035777024009507115,0.03203203622811452,0.04134919128572567,Graded-test temporal holdout,vo2r,exclude HRR >= 0.95,
A3039.xlsx,0.045281703159259314,0.03065672610867331,0.03658487843949657,0.02693736565552011,Graded-test temporal holdout,vo2r,exclude HRR >= 0.95,
A3041.xlsx,0.07143837084673099,0.09719510921031822,0.08720448373720721,0.10347283367835687,Graded-test temporal holdout,vo2r,exclude HRR >= 0.95,
A3043.xlsx,0.04694519317160822,0.07348029450772144,0.06444827694163512,0.0799576889500614,Graded-test temporal holdout,vo2r,exclude HRR >= 0.95,
A3045.xlsx,0.06474280139754468,0.0729059678261341,0.06239079828527574,0.07845715744372882,Graded-test temporal holdout,vo2r,exclude HRR >= 0.95,
A3049.xlsx,0.06568454423636305,0.04085473915176548,0.04570519061148871,0.03751088113565148,Graded-test temporal holdout,vo2r,exclude HRR >= 0.95,
A3051.xlsx,0.0831100632300932,0.058934444228928504,0.0589546612480324,0.053033015092679,Graded-test temporal holdout,vo2r,exclude HRR >= 0.95,
A3052.xlsx,0.04412001287001286,0.04217616778451782,0.03332190056980668,0.04312018663979103,Graded-test temporal holdout,vo2r,exclude HRR >= 0.95,
A3053.xlsx,0.019364574005903256,0.03168053735074807,0.026702300759344027,0.03893631963114775,Graded-test temporal holdout,vo2r,exclude HRR >= 0.95,
A3056.xlsx,0.06266332058636072,0.03379989418202972,0.03996441817596662,0.026754140129307998,Graded-test temporal holdout,vo2r,exclude HRR >= 0.95,
A3057.xlsx,0.12344833118311195,0.09041557849383285,0.09144528841671153,0.0837509966800746,Graded-test temporal holdout,vo2r,exclude HRR >= 0.95,
A3058.xlsx,0.025996225996226054,0.02388524945212504,0.02793992510674409,0.02687265453222893,Graded-test temporal holdout,vo2r,exclude HRR >= 0.95,
A3059.xlsx,0.022284758138119865,0.036705087038624004,0.02790240150771108,0.043145933107076005,Graded-test temporal holdout,vo2r,exclude HRR >= 0.95,
A3060.xlsx,0.0648070180810509,0.041825994738447794,0.04197214209870974,0.03843548308112708,Graded-test temporal holdout,vo2r,exclude HRR >= 0.95,
A3062.xlsx,0.029137050275963163,0.03651560609972875,0.03475979948403439,0.0397108533065796,Graded-test temporal holdout,vo2r,exclude HRR >= 0.95,
A3063.xlsx,0.03741586796479395,0.01202896736321831,0.0186382665044079,0.009374070305666596,Graded-test temporal holdout,vo2r,exclude HRR >= 0.95,
A3066.xlsx,0.025439365284376562,0.03338508169416886,0.02456805172532306,0.0384269051080832,Graded-test temporal holdout,vo2r,exclude HRR >= 0.95,
A3071.xlsx,0.07718832833757053,0.044594030633368476,0.04616372823603778,0.03729684970287404,Graded-test temporal holdout,vo2r,exclude HRR >= 0.95,
A3072.xlsx,0.1053132088640726,0.07597796849213427,0.08156142090898248,0.0688170415168415,Graded-test temporal holdout,vo2r,exclude HRR >= 0.95,
A4000.xlsx,0.0570418697101821,0.048345146522627475,0.039979341738027495,0.04741962903479829,Graded-test temporal holdout,vo2r,exclude HRR >= 0.95,
A4001.xlsx,0.04346335308316873,0.02523978255478798,0.022875079880542975,0.02255901216583636,Graded-test temporal holdout,vo2r,exclude HRR >= 0.95,
A530.xlsx,0.09500984260656936,0.0659917021369796,0.07196568504466247,0.05890818135355028,Graded-test temporal holdout,vo2r,exclude HRR >= 0.95,
A531.xlsx,0.0515959533038021,0.0359299864313048,0.044077085771259655,0.03330140328657798,Graded-test temporal holdout,vo2r,exclude HRR >= 0.95,
A535.xlsx,0.20899242107220908,0.174613977523314,0.17398637595531796,0.16800925118342083,Graded-test temporal holdout,vo2r,exclude HRR >= 0.95,
A536.xlsx,0.008373449047393098,0.022697610744986392,0.019349606392316303,0.028953038768345256,Graded-test temporal holdout,vo2r,exclude HRR >= 0.95,
A538.xlsx,0.08121877761546642,0.05811251290330613,0.05746343604676885,0.052472120250043865,Graded-test temporal holdout,vo2r,exclude HRR >= 0.95,
A543.xlsx,0.033226381461675614,0.013668892825698695,0.017764327803270467,0.013066188435399948,Graded-test temporal holdout,vo2r,exclude HRR >= 0.95,
A547.xlsx,0.015015632713509955,0.03398604671532628,0.026851486521926576,0.040839532020966,Graded-test temporal holdout,vo2r,exclude HRR >= 0.95,
A577.xlsx,0.08809839943116687,0.05788787304824662,0.06239335012370316,0.05119300162681782,Graded-test temporal holdout,vo2r,exclude HRR >= 0.95,
A582.xlsx,0.06406776981450256,0.0880826868938158,0.07594688787742811,0.09394488762380117,Graded-test temporal holdout,vo2r,exclude HRR >= 0.95,
A600.xlsx,0.043756490134994774,0.04890532690322366,0.036422776603484974,0.05194292854530139,Graded-test temporal holdout,vo2r,exclude HRR >= 0.95,
A1085.xlsx,0.09999999999999998,0.08051829940792524,0.07932587165248065,0.06882138439238367,Graded-test temporal holdout,load_fraction,all observations,
A1086.xlsx,0.060805084745762725,0.04841508662369128,0.04592810644281457,0.04266361871232075,Graded-test temporal holdout,load_fraction,all observations,
A1088.xlsx,0.034554334554334556,0.05461522668044221,0.05613341575875485,0.06312030092717484,Graded-test temporal holdout,load_fraction,all observations,
A1096.xlsx,0.021590909090909063,0.02128179972321472,0.019104090081766195,0.020879491237324806,Graded-test temporal holdout,load_fraction,all observations,
A1106.xlsx,0.04305977710233031,0.028302232135878243,0.02822336188839084,0.0204667620365491,Graded-test temporal holdout,load_fraction,all observations,
A1108.xlsx,0.019576719576719574,0.0157297656056537,0.0154601080695032,0.01785143305588097,Graded-test temporal holdout,load_fraction,all observations,
A1116.xlsx,0.02181085043988268,0.0404812580116364,0.042061293699371796,0.0447657646158487,Graded-test temporal holdout,load_fraction,all observations,
A1117.xlsx,0.04061234817813764,0.026614152619693812,0.025151034244076644,0.021945094272995458,Graded-test temporal holdout,load_fraction,all observations,
A1120.xlsx,0.027979553403282207,0.030244651250203758,0.029089567201687958,0.03713399153080822,Graded-test temporal holdout,load_fraction,all observations,
A202.xlsx,0.07242225859247134,0.05160191133050631,0.050520577936857845,0.03780190579117606,Graded-test temporal holdout,load_fraction,all observations,
A203.xlsx,0.06522133526850504,0.050323937129953304,0.04922307772107628,0.03914953370919382,Graded-test temporal holdout,load_fraction,all observations,
A204.xlsx,0.06897566718995288,0.052775561106524406,0.051712159767677644,0.043085575969702326,Graded-test temporal holdout,load_fraction,all observations,
A205.xlsx,0.01493930905695615,0.023283621521041187,0.02483239476513016,0.027277976503724266,Graded-test temporal holdout,load_fraction,all observations,
A207.xlsx,0.08224687933425792,0.0629002806880367,0.06206332997868223,0.05182866312236595,Graded-test temporal holdout,load_fraction,all observations,
A208.xlsx,0.081904761904762,0.06646783343561327,0.065457953846679,0.052077001013171344,Graded-test temporal holdout,load_fraction,all observations,
A220.xlsx,0.052729126123621545,0.03636532569880398,0.036000934972376906,0.025841899221590667,Graded-test temporal holdout,load_fraction,all observations,
A221.xlsx,0.0519230769230769,0.043481473054150954,0.04091911278058614,0.0383188551764656,Graded-test temporal holdout,load_fraction,all observations,
A226.xlsx,0.07190476190476194,0.05561282679088463,0.053526012714523105,0.04460655184059443,Graded-test temporal holdout,load_fraction,all observations,
A232.xlsx,0.02562830687830686,0.01980270589722778,0.019479221018928294,0.015344945602354406,Graded-test temporal holdout,load_fraction,all observations,
A236.xlsx,0.018951612903225848,0.019858619078389463,0.022168631857791186,0.020155463182313503,Graded-test temporal holdout,load_fraction,all observations,
A237.xlsx,0.02842741935483869,0.020962883859152993,0.01860936915265382,0.01813713551929503,Graded-test temporal holdout,load_fraction,all observations,
A238.xlsx,0.03802521008403363,0.02197152332305928,0.01916917369540269,0.014493377659783153,Graded-test temporal holdout,load_fraction,all observations,
A239.xlsx,0.030229128856624293,0.04670952607712572,0.04681018025694646,0.04986684096458153,Graded-test temporal holdout,load_fraction,all observations,
A240.xlsx,0.029268292682926807,0.02848762757031864,0.02718395894254707,0.0279992927646511,Graded-test temporal holdout,load_fraction,all observations,
A241.xlsx,0.06107226107226103,0.04255631999671653,0.0406838588358896,0.03199465665368559,Graded-test temporal holdout,load_fraction,all observations,
A246.xlsx,0.030982905982905977,0.050177529788916334,0.05213721184647472,0.05371718434320717,Graded-test temporal holdout,load_fraction,all observations,
A251.xlsx,0.09774436090225566,0.07909270770382824,0.07799386313335933,0.06722126539026016,Graded-test temporal holdout,load_fraction,all observations,
A274.xlsx,0.0403708133971292,0.0653637845514356,0.06732399739136283,0.06958361173406062,Graded-test temporal holdout,load_fraction,all observations,
A275.xlsx,0.03397612488521578,0.058627900290063296,0.06071669454959015,0.06329356695156411,Graded-test temporal holdout,load_fraction,all observations,
A294.xlsx,0.03900000000000001,0.025961036598815893,0.0231309836684747,0.018616075650118254,Graded-test temporal holdout,load_fraction,all observations,
A295.xlsx,0.04896675651392635,0.03491556958188557,0.032512524583743874,0.024846440296778478,Graded-test temporal holdout,load_fraction,all observations,
A3000.xlsx,0.03183023872679042,0.04241129502417654,0.04386055153860201,0.04774445111640777,Graded-test temporal holdout,load_fraction,all observations,
A3001.xlsx,0.06599002849002848,0.08364287364406502,0.08560457267462504,0.0860215843440065,Graded-test temporal holdout,load_fraction,all observations,
A3002.xlsx,0.04219899341850564,0.032625635402079384,0.03307240083147861,0.024038188833713264,Graded-test temporal holdout,load_fraction,all observations,
A3003.xlsx,0.03246753246753248,0.03179347146409961,0.02975767909333347,0.029821006416751054,Graded-test temporal holdout,load_fraction,all observations,
A3005.xlsx,0.05408163265306123,0.03332765773660613,0.032045745978790466,0.022483391967295024,Graded-test temporal holdout,load_fraction,all observations,
A3008.xlsx,0.01936456400742116,0.04071851194485293,0.042302172607107384,0.04772610237531763,Graded-test temporal holdout,load_fraction,all observations,
A3009.xlsx,0.010505836575875482,0.018469296649393774,0.01918040016276985,0.022486485955773516,Graded-test temporal holdout,load_fraction,all observations,
A3010.xlsx,0.027380952380952388,0.028309193751942557,0.02759984505047573,0.029050456865173165,Graded-test temporal holdout,load_fraction,all observations,
A3011.xlsx,0.014285714285714275,0.031896584701761654,0.031562688723870524,0.03427011166227694,Graded-test temporal holdout,load_fraction,all observations,
A3012.xlsx,0.08490566037735847,0.06536269657587472,0.06514160168227916,0.05190699095359649,Graded-test temporal holdout,load_fraction,all observations,
A3013.xlsx,0.06565656565656565,0.045641686087432125,0.04391305489408485,0.033286016632483734,Graded-test temporal holdout,load_fraction,all observations,
A3014.xlsx,0.024509803921568613,0.05169505278698008,0.05282909419687761,0.057931437535844926,Graded-test temporal holdout,load_fraction,all observations,
A3018.xlsx,0.054341736694677845,0.04053537745155487,0.04086168569373999,0.030295429718728468,Graded-test temporal holdout,load_fraction,all observations,
A3019.xlsx,0.08430962343096234,0.06543927327587742,0.06401645488049762,0.05418743827906614,Graded-test temporal holdout,load_fraction,all observations,
A3020.xlsx,0.019493177387914243,0.04470925768642811,0.04658539066740824,0.04965420246499636,Graded-test temporal holdout,load_fraction,all observations,
A3022.xlsx,0.05128205128205128,0.04623136956956147,0.048593826645468255,0.04440638391129392,Graded-test temporal holdout,load_fraction,all observations,
A3023.xlsx,0.04129870129870129,0.027680694810975664,0.0272717692148202,0.01941297473212366,Graded-test temporal holdout,load_fraction,all observations,
A3024.xlsx,0.04984283789851815,0.03952356708598323,0.0391305959698828,0.028195821515278083,Graded-test temporal holdout,load_fraction,all observations,
A3027.xlsx,0.05873015873015876,0.04045475689089422,0.038720022026796294,0.03082592812976696,Graded-test temporal holdout,load_fraction,all observations,
A3031.xlsx,0.0237106643356643,0.020823043480556323,0.020099454416221407,0.018142741623715417,Graded-test temporal holdout,load_fraction,all observations,
A3032.xlsx,0.02514506769825917,0.05250234938074706,0.05357155931524525,0.058494255242567204,Graded-test temporal holdout,load_fraction,all observations,
A3036.xlsx,0.03333333333333335,0.03679708360744201,0.0346624379167507,0.03600093395207661,Graded-test temporal holdout,load_fraction,all observations,
A3037.xlsx,0.051844903064415235,0.03214145953877219,0.030816426244687323,0.023667435384540653,Graded-test temporal holdout,load_fraction,all observations,
A3039.xlsx,0.05462783171521033,0.043809912589051,0.04206674390773766,0.03994974158833428,Graded-test temporal holdout,load_fraction,all observations,
A3041.xlsx,0.04720000000000001,0.07170018666459317,0.07384610794123012,0.07754477541371152,Graded-test temporal holdout,load_fraction,all observations,
A3043.xlsx,0.033617424242424254,0.05533140302734088,0.055929896812249635,0.06038275037610139,Graded-test temporal holdout,load_fraction,all observations,
A3045.xlsx,0.03791061879297172,0.06299944749663097,0.06492353591298411,0.06721975588126548,Graded-test temporal holdout,load_fraction,all observations,
A3049.xlsx,0.055076979472140776,0.04553298401647683,0.04338394054913321,0.039671783144617306,Graded-test temporal holdout,load_fraction,all observations,
A3051.xlsx,0.062015503875969005,0.042282101725857155,0.04086844719882743,0.03099766548285789,Graded-test temporal holdout,load_fraction,all observations,
A3052.xlsx,0.03503503503503502,0.02332887565209032,0.024931816648490566,0.020291381620796092,Graded-test temporal holdout,load_fraction,all observations,
A3053.xlsx,0.029323308270676664,0.020847697806684558,0.01860897309754978,0.015944957578717223,Graded-test temporal holdout,load_fraction,all observations,
A3056.xlsx,0.045595238095238085,0.028506511223166824,0.026419663616380866,0.02269386280911103,Graded-test temporal holdout,load_fraction,all observations,
A3057.xlsx,0.10597251585623679,0.08600049393375608,0.0847502378037118,0.07487575837776639,Graded-test temporal holdout,load_fraction,all observations,
A3058.xlsx,0.031818181818181836,0.039493066735028705,0.03773250378255371,0.040731297501123385,Graded-test temporal holdout,load_fraction,all observations,
A3059.xlsx,0.04236443381180224,0.0675011096953564,0.06940716664934671,0.07400739267623015,Graded-test temporal holdout,load_fraction,all observations,
A3060.xlsx,0.10304659498207887,0.08171448196817628,0.08090331007090254,0.07208939554088307,Graded-test temporal holdout,load_fraction,all observations,
A3062.xlsx,0.027910685805422684,0.023182900410031536,0.02069237268371777,0.018557182070669066,Graded-test temporal holdout,load_fraction,all observations,
A3063.xlsx,0.03758241758241756,0.028218511211064536,0.025551160323980256,0.025145161416691337,Graded-test temporal holdout,load_fraction,all observations,
A3066.xlsx,0.013556618819776711,0.03691204313912422,0.03843754521896323,0.041493954032509224,Graded-test temporal holdout,load_fraction,all observations,
A3071.xlsx,0.07020997375328086,0.055549884754170935,0.054210561962463384,0.04634933412892835,Graded-test temporal holdout,load_fraction,all observations,
A3072.xlsx,0.06818181818181818,0.04870011758974345,0.04750768983429886,0.03779331027880359,Graded-test temporal holdout,load_fraction,all observations,
A4000.xlsx,0.02182539682539681,0.010599390709494227,0.011711527019595066,0.009038214379526411,Graded-test temporal holdout,load_fraction,all observations,
A4001.xlsx,0.018730158730158732,0.02624914769917131,0.026656571295041946,0.028462717041111148,Graded-test temporal holdout,load_fraction,all observations,
A530.xlsx,0.0610679970436068,0.0418634751184925,0.04056659111897969,0.02986539771149581,Graded-test temporal holdout,load_fraction,all observations,
A531.xlsx,0.04938271604938269,0.04020911434408388,0.037879309310085735,0.03345553069119936,Graded-test temporal holdout,load_fraction,all observations,
A535.xlsx,0.15175789942145082,0.1310016950523245,0.13069596170196215,0.11794092409699464,Graded-test temporal holdout,load_fraction,all observations,
A536.xlsx,0.02282491944146079,0.030872868426066513,0.028660765465772002,0.030144713612909685,Graded-test temporal holdout,load_fraction,all observations,
A538.xlsx,0.025761124121779857,0.02345325217024145,0.023496980005603314,0.020803637287423928,Graded-test temporal holdout,load_fraction,all observations,
A543.xlsx,0.061250000000000006,0.04327813120381109,0.04151671536460655,0.03235520094562653,Graded-test temporal holdout,load_fraction,all observations,
A547.xlsx,0.008460471567267671,0.03487203493882186,0.0360885701477213,0.03920470945237142,Graded-test temporal holdout,load_fraction,all observations,
A577.xlsx,0.060778727445394115,0.04583617476560026,0.04389311258935253,0.0366750135563321,Graded-test temporal holdout,load_fraction,all observations,
A582.xlsx,0.041015624999999965,0.05286218863414199,0.05525912745399772,0.05442465399507034,Graded-test temporal holdout,load_fraction,all observations,
A600.xlsx,0.02857142857142855,0.05343378932702868,0.055443223385293935,0.05673993395624592,Graded-test temporal holdout,load_fraction,all observations,
A1085.xlsx,0.11310507674144035,0.08532007754990996,0.08441205521692066,0.07630571423911905,Graded-test temporal holdout,load_fraction,exclude each unit target maximum,
A1086.xlsx,0.0682808716707022,0.04860184483561634,0.046213893271513116,0.046352830985517846,Graded-test temporal holdout,load_fraction,exclude each unit target maximum,
A1088.xlsx,0.03176638176638178,0.04900987623909059,0.05120636586758114,0.05864668997056701,Graded-test temporal holdout,load_fraction,exclude each unit target maximum,
A1096.xlsx,0.023376623376623353,0.017507757178385288,0.015471964807619159,0.021286085502719876,Graded-test temporal holdout,load_fraction,exclude each unit target maximum,
A1106.xlsx,0.04846335697399529,0.024821405027095723,0.0252541246308385,0.020375667847807977,Graded-test temporal holdout,load_fraction,exclude each unit target maximum,
A1108.xlsx,0.021296296296296303,0.010374411838225637,0.010587921138691095,0.017766870860587102,Graded-test temporal holdout,load_fraction,exclude each unit target maximum,
A1116.xlsx,0.023774612484289866,0.03959090967960013,0.04185183641449881,0.04886911427084556,Graded-test temporal holdout,load_fraction,exclude each unit target maximum,
A1117.xlsx,0.044534412955465584,0.02304351448113278,0.02181586672248964,0.02139297838301787,Graded-test temporal holdout,load_fraction,exclude each unit target maximum,
A1120.xlsx,0.02134337727558065,0.017932355653124094,0.016969611204764246,0.02451549999332177,Graded-test temporal holdout,load_fraction,exclude each unit target maximum,
A202.xlsx,0.08276829553425295,0.05340741277998586,0.05264369139820146,0.04320217804705835,Graded-test temporal holdout,load_fraction,exclude each unit target maximum,
A203.xlsx,0.07319095998341278,0.05065167326396863,0.049845847267136124,0.04207143320025176,Graded-test temporal holdout,load_fraction,exclude each unit target maximum,
A204.xlsx,0.07737160798385283,0.053347798823108784,0.05258316660679473,0.04635783938733956,Graded-test temporal holdout,load_fraction,exclude each unit target maximum,
A205.xlsx,0.015795206971677606,0.019100003670627964,0.021433682617442912,0.028589355673046796,Graded-test temporal holdout,load_fraction,exclude each unit target maximum,
A207.xlsx,0.09433656957928797,0.06533468520273662,0.06488525247652843,0.05726239322353021,Graded-test temporal holdout,load_fraction,exclude each unit target maximum,
A208.xlsx,0.10000000000000009,0.07105575912034623,0.07058460313799103,0.06037884026739157,Graded-test temporal holdout,load_fraction,exclude each unit target maximum,
A220.xlsx,0.059320266889074234,0.036040566263135794,0.036043703880492446,0.0290721366242895,Graded-test temporal holdout,load_fraction,exclude each unit target maximum,
A221.xlsx,0.05714285714285714,0.0420147435436768,0.03952614844539048,0.039508482061673546,Graded-test temporal holdout,load_fraction,exclude each unit target maximum,
A226.xlsx,0.08388888888888894,0.058387731058673835,0.05650388421570152,0.05204097714736017,Graded-test temporal holdout,load_fraction,exclude each unit target maximum,
A232.xlsx,0.028968253968253956,0.014254430056243727,0.014500951048602518,0.0148700969749602,Graded-test temporal holdout,load_fraction,exclude each unit target maximum,
A236.xlsx,0.020506912442396347,0.01602217947017506,0.019117365738406684,0.02074305548966248,Graded-test temporal holdout,load_fraction,exclude each unit target maximum,
A237.xlsx,0.03248847926267279,0.018391381384153502,0.016173738501968286,0.02072815487919432,Graded-test temporal holdout,load_fraction,exclude each unit target maximum,
A238.xlsx,0.043457382953181294,0.019544112200046402,0.01681351512225271,0.01656386018260932,Graded-test temporal holdout,load_fraction,exclude each unit target maximum,
A239.xlsx,0.033316048742546,0.04663257273817178,0.04720161109127352,0.054544587702801926,Graded-test temporal holdout,load_fraction,exclude each unit target maximum,
A240.xlsx,0.031126596980255494,0.024758715430791476,0.02370678847725228,0.027481921823773386,Graded-test temporal holdout,load_fraction,exclude each unit target maximum,
A241.xlsx,0.06774475524475522,0.04208136119557988,0.04037380076322528,0.03407930494673546,Graded-test temporal holdout,load_fraction,exclude each unit target maximum,
A246.xlsx,0.03454415954415954,0.050506428468531574,0.05331996243011348,0.05949566587864452,Graded-test temporal holdout,load_fraction,exclude each unit target maximum,
A251.xlsx,0.11403508771929827,0.08578092545710807,0.08504970970434382,0.0784248096219702,Graded-test temporal holdout,load_fraction,exclude each unit target maximum,
A274.xlsx,0.04488493962178174,0.0679309613748125,0.07062489237594685,0.07703615670060335,Graded-test temporal holdout,load_fraction,exclude each unit target maximum,
A275.xlsx,0.0371900826446281,0.06009315627456717,0.06284095803061385,0.06915137838735513,Graded-test temporal holdout,load_fraction,exclude each unit target maximum,
A294.xlsx,0.04457142857142858,0.024103555943768246,0.02134129794862072,0.021275515028706577,Graded-test temporal holdout,load_fraction,exclude each unit target maximum,
A295.xlsx,0.057127882599580744,0.03424093098150826,0.031988148063125756,0.02898751367957489,Graded-test temporal holdout,load_fraction,exclude each unit target maximum,
A3000.xlsx,0.03365384615384613,0.04077108218776646,0.04278292734019458,0.04953287501846077,Graded-test temporal holdout,load_fraction,exclude each unit target maximum,
A3001.xlsx,0.07332225387780943,0.08860725947294452,0.09115410478208864,0.09557953816000724,Graded-test temporal holdout,load_fraction,exclude each unit target maximum,
A3002.xlsx,0.04747386759581884,0.03183341467932063,0.032749102971981865,0.02704296243792742,Graded-test temporal holdout,load_fraction,exclude each unit target maximum,
A3003.xlsx,0.037878787878787894,0.03059848317742464,0.028774161657646957,0.03479117415287623,Graded-test temporal holdout,load_fraction,exclude each unit target maximum,
A3005.xlsx,0.06009070294784581,0.03270146402021243,0.031644297342272455,0.024981546630327804,Graded-test temporal holdout,load_fraction,exclude each unit target maximum,
A3008.xlsx,0.01775775245163001,0.036766458093688774,0.038984230370027226,0.04638093609001115,Graded-test temporal holdout,load_fraction,exclude each unit target maximum,
A3009.xlsx,0.010808473843493297,0.015361186808034543,0.016505784989609935,0.02326359840182852,Graded-test temporal holdout,load_fraction,exclude each unit target maximum,
A3010.xlsx,0.02847222222222222,0.02319655987846415,0.02286877137755,0.027226162332545295,Graded-test temporal holdout,load_fraction,exclude each unit target maximum,
A3011.xlsx,0.015254237288135583,0.029361385628685944,0.02950187040419482,0.03717527480599958,Graded-test temporal holdout,load_fraction,exclude each unit target maximum,
A3012.xlsx,0.1,0.06882927905268046,0.0691971838390035,0.05854914168995813,Graded-test temporal holdout,load_fraction,exclude each unit target maximum,
A3013.xlsx,0.07222222222222222,0.0463095145777604,0.044738482012748076,0.03661461829573211,Graded-test temporal holdout,load_fraction,exclude each unit target maximum,
A3014.xlsx,0.023529411764705865,0.04858822664392355,0.05052362592848192,0.05849904973809846,Graded-test temporal holdout,load_fraction,exclude each unit target maximum,
A3018.xlsx,0.061764705882352916,0.03922705225622725,0.04013452203415438,0.03210971775721836,Graded-test temporal holdout,load_fraction,exclude each unit target maximum,
A3019.xlsx,0.09635385534967124,0.06922154071755285,0.06806755076236119,0.0619285008903613,Graded-test temporal holdout,load_fraction,exclude each unit target maximum,
A3020.xlsx,0.020833333333333343,0.04437372154875696,0.046881347938424925,0.05368400315208821,Graded-test temporal holdout,load_fraction,exclude each unit target maximum,
A3022.xlsx,0.056490384615384616,0.04598477355185354,0.04903796643307152,0.04757639500888278,Graded-test temporal holdout,load_fraction,exclude each unit target maximum,
A3023.xlsx,0.04651515151515151,0.024198516084086946,0.024247733195601934,0.019350598180385415,Graded-test temporal holdout,load_fraction,exclude each unit target maximum,
A3024.xlsx,0.056073192635832915,0.03959358782371245,0.03956457250268658,0.031720299204687843,Graded-test temporal holdout,load_fraction,exclude each unit target maximum,
A3027.xlsx,0.06437389770723106,0.03977298812566846,0.03819973619431796,0.03249623113407873,Graded-test temporal holdout,load_fraction,exclude each unit target maximum,
A3031.xlsx,0.02572427572427569,0.016911458590460813,0.01653641814073273,0.018013662551305747,Graded-test temporal holdout,load_fraction,exclude each unit target maximum,
A3032.xlsx,0.02578981302385557,0.051350909545372046,0.05309702134112659,0.06144397657357207,Graded-test temporal holdout,load_fraction,exclude each unit target maximum,
A3036.xlsx,0.03541666666666666,0.034524134329487206,0.03250514435485521,0.03645422905174678,Graded-test temporal holdout,load_fraction,exclude each unit target maximum,
A3037.xlsx,0.05670210548259326,0.03051532094690475,0.029396977165926843,0.02450050109493321,Graded-test temporal holdout,load_fraction,exclude each unit target maximum,
A3039.xlsx,0.057461344839985586,0.041238263051033,0.039621069057496246,0.038321522658586946,Graded-test temporal holdout,load_fraction,exclude each unit target maximum,
A3041.xlsx,0.05066666666666668,0.0736290977645254,0.07635453034539612,0.08270112949829257,Graded-test temporal holdout,load_fraction,exclude each unit target maximum,
A3043.xlsx,0.03484848484848486,0.05423741543774019,0.055341055247693074,0.06223327499923241,Graded-test temporal holdout,load_fraction,exclude each unit target maximum,
A3045.xlsx,0.042125941285605144,0.06527946299767473,0.06793288207167622,0.07443673794469427,Graded-test temporal holdout,load_fraction,exclude each unit target maximum,
A3049.xlsx,0.061793045664013405,0.045364310827989196,0.04336343281422613,0.04304742116086683,Graded-test temporal holdout,load_fraction,exclude each unit target maximum,
A3051.xlsx,0.06976744186046513,0.04269693929357062,0.041519655135249287,0.03487237366821513,Graded-test temporal holdout,load_fraction,exclude each unit target maximum,
A3052.xlsx,0.03716216216216216,0.019210063116403095,0.02139337783308492,0.018469411044166613,Graded-test temporal holdout,load_fraction,exclude each unit target maximum,
A3053.xlsx,0.032456140350877176,0.016142384789710862,0.01405554823753491,0.015136026578827353,Graded-test temporal holdout,load_fraction,exclude each unit target maximum,
A3056.xlsx,0.04973544973544974,0.026454785858228167,0.02448965012268058,0.02337486084531004,Graded-test temporal holdout,load_fraction,exclude each unit target maximum,
A3057.xlsx,0.11945031712473574,0.09112367230194598,0.09014250506286557,0.08230008282940868,Graded-test temporal holdout,load_fraction,exclude each unit target maximum,
A3058.xlsx,0.03246753246753249,0.0358244348053523,0.03422724238184978,0.039206656227932825,Graded-test temporal holdout,load_fraction,exclude each unit target maximum,
A3059.xlsx,0.0448464912280702,0.06866885142574754,0.07107021518517172,0.07800864987008181,Graded-test temporal holdout,load_fraction,exclude each unit target maximum,
A3060.xlsx,0.11491935483870969,0.08608958017221204,0.08557528699308002,0.07909528035463463,Graded-test temporal holdout,load_fraction,exclude each unit target maximum,
A3062.xlsx,0.03064479380268858,0.019724236641779285,0.01733160699578106,0.01872023708529871,Graded-test temporal holdout,load_fraction,exclude each unit target maximum,
A3063.xlsx,0.040700040700040664,0.026007664601551548,0.02339558295093018,0.025842441130069213,Graded-test temporal holdout,load_fraction,exclude each unit target maximum,
A3066.xlsx,0.01424014581909318,0.03541468547502807,0.03761180417891873,0.04493369075597318,Graded-test temporal holdout,load_fraction,exclude each unit target maximum,
A3071.xlsx,0.0791151106111736,0.056838351362243904,0.05576326800984094,0.05073187890381187,Graded-test temporal holdout,load_fraction,exclude each unit target maximum,
A3072.xlsx,0.07792207792207792,0.05009107707625688,0.049200390709562614,0.04319235460434696,Graded-test temporal holdout,load_fraction,exclude each unit target maximum,
A4000.xlsx,0.02455357142857141,0.007053889400162328,0.008718119933612878,0.010167991176967213,Graded-test temporal holdout,load_fraction,exclude each unit target maximum,
A4001.xlsx,0.021071428571428574,0.024659866013549046,0.02553129474349062,0.03202055667125004,Graded-test temporal holdout,load_fraction,exclude each unit target maximum,
A530.xlsx,0.06979199662126491,0.042277771394827225,0.041267706463483565,0.03413188309885235,Graded-test temporal holdout,load_fraction,exclude each unit target maximum,
A531.xlsx,0.05456349206349203,0.0394114191648536,0.0371888986589588,0.035663321891229144,Graded-test temporal holdout,load_fraction,exclude each unit target maximum,
A535.xlsx,0.17549325025960538,0.14484446895431655,0.14501567803084817,0.13451008037081713,Graded-test temporal holdout,load_fraction,exclude each unit target maximum,
A536.xlsx,0.024627896271290448,0.028316150045442617,0.026238715976045428,0.03156828240814797,Graded-test temporal holdout,load_fraction,exclude each unit target maximum,
A538.xlsx,0.028688524590163928,0.01955533580615316,0.02013706168061243,0.021554341226472356,Graded-test temporal holdout,load_fraction,exclude each unit target maximum,
A543.xlsx,0.06857142857142857,0.04252161177974011,0.04095967679810323,0.03415062478892273,Graded-test temporal holdout,load_fraction,exclude each unit target maximum,
A547.xlsx,0.008252427184466024,0.03263506516198597,0.03458136600707401,0.04253444727520326,Graded-test temporal holdout,load_fraction,exclude each unit target maximum,
A577.xlsx,0.06623931623931623,0.04464177445726481,0.04283753155799232,0.03711376902335869,Graded-test temporal holdout,load_fraction,exclude each unit target maximum,
A582.xlsx,0.04687499999999996,0.05484772969842665,0.058059176560647026,0.062199604565794674,Graded-test temporal holdout,load_fraction,exclude each unit target maximum,
A600.xlsx,0.03194444444444444,0.05451074763026433,0.057385463106229016,0.06343577620173359,Graded-test temporal holdout,load_fraction,exclude each unit target maximum,
A1085.xlsx,0.12355371900826444,0.09730977523546953,0.0958209980315976,0.08693084970479988,Graded-test temporal holdout,load_fraction,exclude HRR >= 0.95,
A1086.xlsx,0.0682808716707022,0.04860184483561634,0.046213893271513116,0.046352830985517846,Graded-test temporal holdout,load_fraction,exclude HRR >= 0.95,
A1088.xlsx,0.034554334554334556,0.05461522668044221,0.05613341575875485,0.06312030092717484,Graded-test temporal holdout,load_fraction,exclude HRR >= 0.95,
A1096.xlsx,0.023376623376623353,0.017507757178385288,0.015471964807619159,0.021286085502719876,Graded-test temporal holdout,load_fraction,exclude HRR >= 0.95,
A1106.xlsx,0.04846335697399529,0.024821405027095723,0.0252541246308385,0.020375667847807977,Graded-test temporal holdout,load_fraction,exclude HRR >= 0.95,
A1108.xlsx,0.021296296296296303,0.010374411838225637,0.010587921138691095,0.017766870860587102,Graded-test temporal holdout,load_fraction,exclude HRR >= 0.95,
A1116.xlsx,0.023774612484289866,0.03959090967960013,0.04185183641449881,0.04886911427084556,Graded-test temporal holdout,load_fraction,exclude HRR >= 0.95,
A1117.xlsx,0.044534412955465584,0.02304351448113278,0.02181586672248964,0.02139297838301787,Graded-test temporal holdout,load_fraction,exclude HRR >= 0.95,
A1120.xlsx,0.027979553403282207,0.030244651250203758,0.029089567201687958,0.03713399153080822,Graded-test temporal holdout,load_fraction,exclude HRR >= 0.95,
A202.xlsx,0.09083469721767594,0.06181939846352211,0.06137502101633751,0.050360185932265426,Graded-test temporal holdout,load_fraction,exclude HRR >= 0.95,
A203.xlsx,0.07319095998341278,0.05065167326396863,0.049845847267136124,0.04207143320025176,Graded-test temporal holdout,load_fraction,exclude HRR >= 0.95,
A204.xlsx,0.07737160798385283,0.053347798823108784,0.05258316660679473,0.04635783938733956,Graded-test temporal holdout,load_fraction,exclude HRR >= 0.95,
A205.xlsx,0.015795206971677606,0.019100003670627964,0.021433682617442912,0.028589355673046796,Graded-test temporal holdout,load_fraction,exclude HRR >= 0.95,
A207.xlsx,0.10097087378640772,0.07365866441266415,0.07257246874064675,0.06286584364450812,Graded-test temporal holdout,load_fraction,exclude HRR >= 0.95,
A208.xlsx,0.10000000000000009,0.07105575912034623,0.07058460313799103,0.06037884026739157,Graded-test temporal holdout,load_fraction,exclude HRR >= 0.95,
A220.xlsx,0.06136065769093295,0.04006615543317832,0.03969387563584463,0.03192686464207066,Graded-test temporal holdout,load_fraction,exclude HRR >= 0.95,
A221.xlsx,0.05714285714285714,0.0420147435436768,0.03952614844539048,0.039508482061673546,Graded-test temporal holdout,load_fraction,exclude HRR >= 0.95,
A226.xlsx,0.08388888888888894,0.058387731058673835,0.05650388421570152,0.05204097714736017,Graded-test temporal holdout,load_fraction,exclude HRR >= 0.95,
A232.xlsx,0.028968253968253956,0.014254430056243727,0.014500951048602518,0.0148700969749602,Graded-test temporal holdout,load_fraction,exclude HRR >= 0.95,
A236.xlsx,0.020506912442396347,0.01602217947017506,0.019117365738406684,0.02074305548966248,Graded-test temporal holdout,load_fraction,exclude HRR >= 0.95,
A237.xlsx,0.03248847926267279,0.018391381384153502,0.016173738501968286,0.02072815487919432,Graded-test temporal holdout,load_fraction,exclude HRR >= 0.95,
A238.xlsx,0.043457382953181294,0.019544112200046402,0.01681351512225271,0.01656386018260932,Graded-test temporal holdout,load_fraction,exclude HRR >= 0.95,
A239.xlsx,0.033316048742546,0.04663257273817178,0.04720161109127352,0.054544587702801926,Graded-test temporal holdout,load_fraction,exclude HRR >= 0.95,
A240.xlsx,0.031126596980255494,0.024758715430791476,0.02370678847725228,0.027481921823773386,Graded-test temporal holdout,load_fraction,exclude HRR >= 0.95,
A241.xlsx,0.06774475524475522,0.04208136119557988,0.04037380076322528,0.03407930494673546,Graded-test temporal holdout,load_fraction,exclude HRR >= 0.95,
A246.xlsx,0.03454415954415954,0.050506428468531574,0.05331996243011348,0.05949566587864452,Graded-test temporal holdout,load_fraction,exclude HRR >= 0.95,
A251.xlsx,0.1216374269005848,0.09525168504605555,0.09381634519793852,0.08481605906018005,Graded-test temporal holdout,load_fraction,exclude HRR >= 0.95,
A274.xlsx,0.04488493962178174,0.0679309613748125,0.07062489237594685,0.07703615670060335,Graded-test temporal holdout,load_fraction,exclude HRR >= 0.95,
A275.xlsx,0.0371900826446281,0.06009315627456717,0.06284095803061385,0.06915137838735513,Graded-test temporal holdout,load_fraction,exclude HRR >= 0.95,
A294.xlsx,0.04457142857142858,0.024103555943768246,0.02134129794862072,0.021275515028706577,Graded-test temporal holdout,load_fraction,exclude HRR >= 0.95,
A295.xlsx,0.057127882599580744,0.03424093098150826,0.031988148063125756,0.02898751367957489,Graded-test temporal holdout,load_fraction,exclude HRR >= 0.95,
A3000.xlsx,0.03365384615384613,0.04077108218776646,0.04278292734019458,0.04953287501846077,Graded-test temporal holdout,load_fraction,exclude HRR >= 0.95,
A3001.xlsx,0.08230947293447297,0.09482200312513582,0.098029687227453,0.10338753316453797,Graded-test temporal holdout,load_fraction,exclude HRR >= 0.95,
A3002.xlsx,0.05102040816326533,0.03432180765577272,0.03573807228864281,0.0287907409220349,Graded-test temporal holdout,load_fraction,exclude HRR >= 0.95,
A3003.xlsx,0.037878787878787894,0.03059848317742464,0.028774161657646957,0.03479117415287623,Graded-test temporal holdout,load_fraction,exclude HRR >= 0.95,
A3005.xlsx,0.06250000000000003,0.03640843670704281,0.034862234114818653,0.02631845182710523,Graded-test temporal holdout,load_fraction,exclude HRR >= 0.95,
A3008.xlsx,0.01775775245163001,0.036766458093688774,0.038984230370027226,0.04638093609001115,Graded-test temporal holdout,load_fraction,exclude HRR >= 0.95,
A3009.xlsx,0.010808473843493297,0.015361186808034543,0.016505784989609935,0.02326359840182852,Graded-test temporal holdout,load_fraction,exclude HRR >= 0.95,
A3010.xlsx,0.02847222222222222,0.02319655987846415,0.02286877137755,0.027226162332545295,Graded-test temporal holdout,load_fraction,exclude HRR >= 0.95,
A3011.xlsx,0.015254237288135583,0.029361385628685944,0.02950187040419482,0.03717527480599958,Graded-test temporal holdout,load_fraction,exclude HRR >= 0.95,
A3012.xlsx,0.1,0.06882927905268046,0.0691971838390035,0.05854914168995813,Graded-test temporal holdout,load_fraction,exclude HRR >= 0.95,
A3013.xlsx,0.07695473251028807,0.05057827368398115,0.04913943547766683,0.040552400945050034,Graded-test temporal holdout,load_fraction,exclude HRR >= 0.95,
A3014.xlsx,0.023529411764705865,0.04858822664392355,0.05052362592848192,0.05849904973809846,Graded-test temporal holdout,load_fraction,exclude HRR >= 0.95,
A3018.xlsx,0.061764705882352916,0.03922705225622725,0.04013452203415438,0.03210971775721836,Graded-test temporal holdout,load_fraction,exclude HRR >= 0.95,
A3019.xlsx,0.10132496513249652,0.07594712921478693,0.07413195469292415,0.06591013251299914,Graded-test temporal holdout,load_fraction,exclude HRR >= 0.95,
A3020.xlsx,0.020833333333333343,0.04437372154875696,0.046881347938424925,0.05368400315208821,Graded-test temporal holdout,load_fraction,exclude HRR >= 0.95,
A3022.xlsx,0.056318681318681334,0.04977142653286456,0.05282904107476101,0.04868217797841369,Graded-test temporal holdout,load_fraction,exclude HRR >= 0.95,
A3023.xlsx,0.04651515151515151,0.024198516084086946,0.024247733195601934,0.019350598180385415,Graded-test temporal holdout,load_fraction,exclude HRR >= 0.95,
A3024.xlsx,0.06283276669446401,0.03864518284244103,0.039004047636064625,0.030499446839426386,Graded-test temporal holdout,load_fraction,exclude HRR >= 0.95,
A3027.xlsx,0.06944444444444446,0.04308230197659733,0.04163806857501114,0.03492626364966794,Graded-test temporal holdout,load_fraction,exclude HRR >= 0.95,
A3031.xlsx,0.02572427572427569,0.016911458590460813,0.01653641814073273,0.018013662551305747,Graded-test temporal holdout,load_fraction,exclude HRR >= 0.95,
A3032.xlsx,0.02578981302385557,0.051350909545372046,0.05309702134112659,0.06144397657357207,Graded-test temporal holdout,load_fraction,exclude HRR >= 0.95,
A3036.xlsx,0.03541666666666666,0.034524134329487206,0.03250514435485521,0.03645422905174678,Graded-test temporal holdout,load_fraction,exclude HRR >= 0.95,
A3037.xlsx,0.05620700437773607,0.03153810301825935,0.029896733721234428,0.021900290285264655,Graded-test temporal holdout,load_fraction,exclude HRR >= 0.95,
A3039.xlsx,0.057461344839985586,0.041238263051033,0.039621069057496246,0.038321522658586946,Graded-test temporal holdout,load_fraction,exclude HRR >= 0.95,
A3041.xlsx,0.05066666666666668,0.0736290977645254,0.07635453034539612,0.08270112949829257,Graded-test temporal holdout,load_fraction,exclude HRR >= 0.95,
A3043.xlsx,0.03484848484848486,0.05423741543774019,0.055341055247693074,0.06223327499923241,Graded-test temporal holdout,load_fraction,exclude HRR >= 0.95,
A3045.xlsx,0.042125941285605144,0.06527946299767473,0.06793288207167622,0.07443673794469427,Graded-test temporal holdout,load_fraction,exclude HRR >= 0.95,
A3049.xlsx,0.061793045664013405,0.045364310827989196,0.04336343281422613,0.04304742116086683,Graded-test temporal holdout,load_fraction,exclude HRR >= 0.95,
A3051.xlsx,0.07281284606866002,0.04724715924517327,0.04550277732895168,0.037135867046802315,Graded-test temporal holdout,load_fraction,exclude HRR >= 0.95,
A3052.xlsx,0.03716216216216216,0.019210063116403095,0.02139337783308492,0.018469411044166613,Graded-test temporal holdout,load_fraction,exclude HRR >= 0.95,
A3053.xlsx,0.032456140350877176,0.016142384789710862,0.01405554823753491,0.015136026578827353,Graded-test temporal holdout,load_fraction,exclude HRR >= 0.95,
A3056.xlsx,0.053273809523809536,0.02781330162846036,0.025923828838982248,0.024217606664415192,Graded-test temporal holdout,load_fraction,exclude HRR >= 0.95,
A3057.xlsx,0.11945031712473574,0.09112367230194598,0.09014250506286557,0.08230008282940868,Graded-test temporal holdout,load_fraction,exclude HRR >= 0.95,
A3058.xlsx,0.03246753246753249,0.0358244348053523,0.03422724238184978,0.039206656227932825,Graded-test temporal holdout,load_fraction,exclude HRR >= 0.95,
A3059.xlsx,0.0448464912280702,0.06866885142574754,0.07107021518517172,0.07800864987008181,Graded-test temporal holdout,load_fraction,exclude HRR >= 0.95,
A3060.xlsx,0.12403993855606758,0.09647826997649646,0.09548608432326847,0.08705066664417527,Graded-test temporal holdout,load_fraction,exclude HRR >= 0.95,
A3062.xlsx,0.03064479380268858,0.019724236641779285,0.01733160699578106,0.01872023708529871,Graded-test temporal holdout,load_fraction,exclude HRR >= 0.95,
A3063.xlsx,0.040700040700040664,0.026007664601551548,0.02339558295093018,0.025842441130069213,Graded-test temporal holdout,load_fraction,exclude HRR >= 0.95,
A3066.xlsx,0.01424014581909318,0.03541468547502807,0.03761180417891873,0.04493369075597318,Graded-test temporal holdout,load_fraction,exclude HRR >= 0.95,
A3071.xlsx,0.0791151106111736,0.056838351362243904,0.05576326800984094,0.05073187890381187,Graded-test temporal holdout,load_fraction,exclude HRR >= 0.95,
A3072.xlsx,0.0803030303030303,0.05415032314457848,0.052627162940888116,0.0438068629557992,Graded-test temporal holdout,load_fraction,exclude HRR >= 0.95,
A4000.xlsx,0.02455357142857141,0.007053889400162328,0.008718119933612878,0.010167991176967213,Graded-test temporal holdout,load_fraction,exclude HRR >= 0.95,
A4001.xlsx,0.023418367346938775,0.022201729619178507,0.023576091203564162,0.030891108216336154,Graded-test temporal holdout,load_fraction,exclude HRR >= 0.95,
A530.xlsx,0.07304754865730477,0.04717753974099959,0.045547843212190305,0.03694588740428569,Graded-test temporal holdout,load_fraction,exclude HRR >= 0.95,
A531.xlsx,0.05456349206349203,0.0394114191648536,0.0371888986589588,0.035663321891229144,Graded-test temporal holdout,load_fraction,exclude HRR >= 0.95,
A535.xlsx,0.17549325025960538,0.14484446895431655,0.14501567803084817,0.13451008037081713,Graded-test temporal holdout,load_fraction,exclude HRR >= 0.95,
A536.xlsx,0.024627896271290448,0.028316150045442617,0.026238715976045428,0.03156828240814797,Graded-test temporal holdout,load_fraction,exclude HRR >= 0.95,
A538.xlsx,0.028688524590163928,0.01955533580615316,0.02013706168061243,0.021554341226472356,Graded-test temporal holdout,load_fraction,exclude HRR >= 0.95,
A543.xlsx,0.06857142857142857,0.04252161177974011,0.04095967679810323,0.03415062478892273,Graded-test temporal holdout,load_fraction,exclude HRR >= 0.95,
A547.xlsx,0.008252427184466024,0.03263506516198597,0.03458136600707401,0.04253444727520326,Graded-test temporal holdout,load_fraction,exclude HRR >= 0.95,
A577.xlsx,0.06623931623931623,0.04464177445726481,0.04283753155799232,0.03711376902335869,Graded-test temporal holdout,load_fraction,exclude HRR >= 0.95,
A582.xlsx,0.04734848484848481,0.06283950145558968,0.06615013522153172,0.07130704205172285,Graded-test temporal holdout,load_fraction,exclude HRR >= 0.95,
A600.xlsx,0.03194444444444444,0.05451074763026433,0.057385463106229016,0.06343577620173359,Graded-test temporal holdout,load_fraction,exclude HRR >= 0.95,
,0.1090426657289927,0.08579304993455653,0.08681420925239894,0.08306800941257672,ACTES external validation,vo2r,all observations,1.0
,0.07365756577728233,0.05378821440461371,0.056263126429233805,0.04786649571237563,ACTES external validation,vo2r,all observations,2.0
,0.11072555629343216,0.08886967876815438,0.0986516369548221,0.08602873066099344,ACTES external validation,vo2r,all observations,3.0
,0.111737136046078,0.09152805560969976,0.10012343770207578,0.09021062015531718,ACTES external validation,vo2r,all observations,4.0
,0.05825021571840384,0.04404671166856519,0.05430235501439718,0.0414707754182896,ACTES external validation,vo2r,all observations,5.0
,0.03390176315581351,0.030493229285906764,0.03625036890737568,0.031220997310727243,ACTES external validation,vo2r,all observations,6.0
,0.08427816797092301,0.07779274222888463,0.07328641509130149,0.08029960901179704,ACTES external validation,vo2r,all observations,7.0
,0.05857362985641934,0.0431714474574766,0.04656507729248393,0.0407170184803262,ACTES external validation,vo2r,all observations,8.0
,0.05764787158216311,0.042190884026157734,0.04550801669536055,0.040303976718637294,ACTES external validation,vo2r,all observations,9.0
,0.06989062127264803,0.048993851609315416,0.054772747261934415,0.04672277876499742,ACTES external validation,vo2r,all observations,10.0
,0.06412982909208438,0.05114024542023206,0.05900711262901936,0.050206293218567906,ACTES external validation,vo2r,all observations,11.0
,0.02875803177327703,0.033533556727735246,0.03435766252801084,0.03440938963366915,ACTES external validation,vo2r,all observations,12.0
,0.038386242385599796,0.05322842302090305,0.043716551452507746,0.05680151919452203,ACTES external validation,vo2r,all observations,13.0
,0.05976683488644937,0.06322824474126441,0.06143547841143371,0.06782592421610133,ACTES external validation,vo2r,all observations,14.0
,0.06505848656597873,0.049454406030550804,0.04932944233817725,0.04948455901112662,ACTES external validation,vo2r,all observations,15.0
,0.061994585215659655,0.04581822260706519,0.046704188417396694,0.04565043415567527,ACTES external validation,vo2r,all observations,16.0
,0.1472762993150933,0.11776343086869578,0.12275557708230417,0.11416491090458919,ACTES external validation,vo2r,all observations,17.0
,0.056665850969182564,0.03813185377132051,0.03976549046647467,0.035708587574996724,ACTES external validation,vo2r,all observations,18.0
,0.11040591250921333,0.08612501630096336,0.08699118399057941,0.08371394307252082,ACTES external validation,vo2r,exclude each unit target maximum,1.0
,0.07513071709282798,0.05398988123692814,0.05627201660026323,0.04882382562662315,ACTES external validation,vo2r,exclude each unit target maximum,2.0
,0.11154039542759875,0.08943038346433893,0.09920184401657307,0.0867699143933788,ACTES external validation,vo2r,exclude each unit target maximum,3.0
,0.1116928879197581,0.09097685775669301,0.099596138365357,0.08956684263933985,ACTES external validation,vo2r,exclude each unit target maximum,4.0
,0.05858692593799432,0.04385129892139472,0.05410075555886335,0.04146120491299722,ACTES external validation,vo2r,exclude each unit target maximum,5.0
,0.03385320935823064,0.029939778254617837,0.03564917771804954,0.03079183387043283,ACTES external validation,vo2r,exclude each unit target maximum,6.0
,0.0855908201956011,0.07845285729438847,0.07366952895303108,0.08154595192048972,ACTES external validation,vo2r,exclude each unit target maximum,7.0
,0.059206005268521045,0.042864134948021826,0.04613393075002868,0.040771577398036614,ACTES external validation,vo2r,exclude each unit target maximum,8.0
,0.058242170958033225,0.0419304023545004,0.0451369499636179,0.040327821330168295,ACTES external validation,vo2r,exclude each unit target maximum,9.0
,0.07083508912768381,0.049065324296077885,0.054758613875234036,0.047354167667227116,ACTES external validation,vo2r,exclude each unit target maximum,10.0
,0.06473208136702803,0.051280394646059546,0.059128405162017374,0.050404908261046336,ACTES external validation,vo2r,exclude each unit target maximum,11.0
,0.028999695905825577,0.03344808348352384,0.03417731836540788,0.03469854416840587,ACTES external validation,vo2r,exclude each unit target maximum,12.0
,0.03870612773881313,0.05330778593950313,0.04361570089896395,0.05727486518780971,ACTES external validation,vo2r,exclude each unit target maximum,13.0
,0.05997914962121431,0.06299370632222537,0.06106521520350217,0.06774225671696306,ACTES external validation,vo2r,exclude each unit target maximum,14.0
,0.06392755015054599,0.047667077291722926,0.04749377567821888,0.047584990705614415,ACTES external validation,vo2r,exclude each unit target maximum,15.0
,0.06246006413128595,0.04560621104501266,0.04637642235718571,0.04570165265744433,ACTES external validation,vo2r,exclude each unit target maximum,16.0
,0.14623489974933127,0.11698980496977324,0.12230470384946612,0.11249876816127044,ACTES external validation,vo2r,exclude each unit target maximum,17.0
,0.05716159137949503,0.037798329313054865,0.03930487659923346,0.035671506200764425,ACTES external validation,vo2r,exclude each unit target maximum,18.0
,0.10752922401611908,0.08499460712235939,0.08711641655079987,0.0802454954196518,ACTES external validation,vo2r,exclude HRR >= 0.95,1.0
,0.08021949083116606,0.05627203587113505,0.057775779815971616,0.051867600564225694,ACTES external validation,vo2r,exclude HRR >= 0.95,2.0
,0.11295447312966962,0.09172790201837774,0.10287052108591997,0.0875311345915724,ACTES external validation,vo2r,exclude HRR >= 0.95,3.0
,0.09962836859992708,0.08154038831808723,0.0919791205304817,0.0775183870930559,ACTES external validation,vo2r,exclude HRR >= 0.95,4.0
,0.06143122253024627,0.04444157511415486,0.054857007294510526,0.04189108279665965,ACTES external validation,vo2r,exclude HRR >= 0.95,5.0
,0.03427630013485626,0.029331178196215276,0.03492088977970446,0.030944327343723106,ACTES external validation,vo2r,exclude HRR >= 0.95,6.0
,0.08061786176640327,0.07745520151274893,0.07332826927325245,0.07777173457647066,ACTES external validation,vo2r,exclude HRR >= 0.95,7.0
,0.062255975118919823,0.04460849477836916,0.04744227275819831,0.04207139212723809,ACTES external validation,vo2r,exclude HRR >= 0.95,8.0
,0.05944602175746914,0.04423953731551686,0.047366138506932616,0.0422434944262549,ACTES external validation,vo2r,exclude HRR >= 0.95,9.0
,0.07544790395967758,0.05428443112293187,0.061006584596047436,0.04983214999804955,ACTES external validation,vo2r,exclude HRR >= 0.95,10.0
,0.0641824755521911,0.05143528487923736,0.059868458627354224,0.04966352687046785,ACTES external validation,vo2r,exclude HRR >= 0.95,11.0
,0.030199948901409975,0.03306627299883667,0.03296091132768186,0.035354760503264866,ACTES external validation,vo2r,exclude HRR >= 0.95,12.0
,0.03941268974537347,0.05356167618736385,0.042728292026839566,0.05808290070012785,ACTES external validation,vo2r,exclude HRR >= 0.95,13.0
,0.04966876384914225,0.05569302709258282,0.054331361968163336,0.058673132618318524,ACTES external validation,vo2r,exclude HRR >= 0.95,14.0
,0.06045491455488143,0.04704365291524639,0.0478097543259344,0.044740831337733204,ACTES external validation,vo2r,exclude HRR >= 0.95,15.0
,0.06207834642728617,0.04783924916194159,0.04936144930755173,0.0456478115194268,ACTES external validation,vo2r,exclude HRR >= 0.95,16.0
,0.1425801829010531,0.1141470850841247,0.12043924001437478,0.10789033925515554,ACTES external validation,vo2r,exclude HRR >= 0.95,17.0
,0.05975364222230349,0.04061037493396355,0.04170293295326192,0.03723724058078749,ACTES external validation,vo2r,exclude HRR >= 0.95,18.0
,0.14056204924325522,0.11918256428474366,0.11886838767897925,0.11178720906912493,ACTES external validation,power_fraction,all observations,1.0
,0.1278690782806894,0.10778683224981084,0.10706310356673009,0.09712037421289088,ACTES external validation,power_fraction,all observations,2.0
,0.081275323270595,0.06706212649322851,0.06480491998895964,0.06398222074627359,ACTES external validation,power_fraction,all observations,3.0
,0.06653777345511337,0.06718794005306848,0.06549288759734237,0.06892941241636381,ACTES external validation,power_fraction,all observations,4.0
,0.08307176227866835,0.06747362927126752,0.06467934566864986,0.06006340897913383,ACTES external validation,power_fraction,all observations,5.0
,0.08414093027247645,0.06202893748900212,0.0593551312409054,0.05592886879032974,ACTES external validation,power_fraction,all observations,6.0
,0.14425010036100336,0.11927943141335469,0.11843005445682107,0.11248457761009431,ACTES external validation,power_fraction,all observations,7.0
,0.09180535402741678,0.0722483995859266,0.0702486324223193,0.06340835840556183,ACTES external validation,power_fraction,all observations,8.0
,0.14554449130349606,0.12888098816671703,0.12797346542798252,0.12020753525476868,ACTES external validation,power_fraction,all observations,9.0
,0.09255915353754143,0.07141920357212568,0.06982759807674098,0.06609687012417066,ACTES external validation,power_fraction,all observations,10.0
,0.12803530314225708,0.11661923301005472,0.11357812997340838,0.11167685595253314,ACTES external validation,power_fraction,all observations,11.0
,0.04890255414678724,0.038698039264507975,0.036447636940043174,0.03512684386080615,ACTES external validation,power_fraction,all observations,12.0
,0.03232673690288106,0.023035993044908814,0.022457727148832173,0.02451279015077537,ACTES external validation,power_fraction,all observations,13.0
,0.06533604199225868,0.048415666274750635,0.04646311490260051,0.0444382003844115,ACTES external validation,power_fraction,all observations,14.0
,0.04748427135203398,0.03415471009474343,0.03205318627800511,0.030626518038033228,ACTES external validation,power_fraction,all observations,15.0
,0.11922038260756741,0.09826981464559496,0.09737232490516955,0.09228356677326356,ACTES external validation,power_fraction,all observations,16.0
,0.21963670488076656,0.19317680858696124,0.19176941423079968,0.18616864686002643,ACTES external validation,power_fraction,all observations,17.0
,0.13926013205959728,0.115831556467989,0.1144640687635039,0.10832445407199491,ACTES external validation,power_fraction,all observations,18.0
,0.14666037834228784,0.12238846993601851,0.12220866865036616,0.1158501948248518,ACTES external validation,power_fraction,exclude each unit target maximum,1.0
,0.14034605472330722,0.11390120314297646,0.1134371282253033,0.10500192706869305,ACTES external validation,power_fraction,exclude each unit target maximum,2.0
,0.08180328505055494,0.06713083432396219,0.06488009947477999,0.06418859671314735,ACTES external validation,power_fraction,exclude each unit target maximum,3.0
,0.06828876749340583,0.06793069107593477,0.06627799559444474,0.07074334432205759,ACTES external validation,power_fraction,exclude each unit target maximum,4.0
,0.08687432569024633,0.06810892742082894,0.06532874631590975,0.061574371387060595,ACTES external validation,power_fraction,exclude each unit target maximum,5.0
,0.08486064778321382,0.06207842372268038,0.05940846685387603,0.05613547438153028,ACTES external validation,power_fraction,exclude each unit target maximum,6.0
,0.14665426870035342,0.12061803191717478,0.11980957563597722,0.11435932057026256,ACTES external validation,power_fraction,exclude each unit target maximum,7.0
,0.09770120253256176,0.07418955582886387,0.07227343331203746,0.06707444430454432,ACTES external validation,power_fraction,exclude each unit target maximum,8.0
,0.1567887333359634,0.13492940238908763,0.13421174547407053,0.12685967113578997,ACTES external validation,power_fraction,exclude each unit target maximum,9.0
,0.09641578493493899,0.07277152867162469,0.07125129867546133,0.06885090637934443,ACTES external validation,power_fraction,exclude each unit target maximum,10.0
,0.13409360835217202,0.11954420218607213,0.1164888758036384,0.11503945834936508,ACTES external validation,power_fraction,exclude each unit target maximum,11.0
,0.05108737368078977,0.03831023047058284,0.03610960126108484,0.03623165079343453,ACTES external validation,power_fraction,exclude each unit target maximum,12.0
,0.03259612637707174,0.022903264643748478,0.022347718344177002,0.024717063402031832,ACTES external validation,power_fraction,exclude each unit target maximum,13.0
,0.06687336062737065,0.04863807251217655,0.0467173344601334,0.04548380509933883,ACTES external validation,power_fraction,exclude each unit target maximum,14.0
,0.04917477896379192,0.033839241559957524,0.031781996393948284,0.03153616765396899,ACTES external validation,power_fraction,exclude each unit target maximum,15.0
,0.12536628905109934,0.10084681364968781,0.10007911878176619,0.09585754431373648,ACTES external validation,power_fraction,exclude each unit target maximum,16.0
,0.22103351551024333,0.19596715895669822,0.19403460179192802,0.18640502185795718,ACTES external validation,power_fraction,exclude each unit target maximum,17.0
,0.14450760810080102,0.1185009926457717,0.11720606887148308,0.11176984495643394,ACTES external validation,power_fraction,exclude each unit target maximum,18.0
,0.15639339699912874,0.13356024987938683,0.13305811679143087,0.12519235559694847,ACTES external validation,power_fraction,exclude HRR >= 0.95,1.0
,0.14034605472330722,0.11390120314297646,0.1134371282253033,0.10500192706869305,ACTES external validation,power_fraction,exclude HRR >= 0.95,2.0
,0.08324380420543337,0.06942335225694395,0.06683413043770524,0.06514264004851786,ACTES external validation,power_fraction,exclude HRR >= 0.95,3.0
,0.07078997718040961,0.07142912131167893,0.0697204919625076,0.07414807527575203,ACTES external validation,power_fraction,exclude HRR >= 0.95,4.0
,0.08918436539234276,0.06936647681787178,0.06658265305000324,0.0627059470270596,ACTES external validation,power_fraction,exclude HRR >= 0.95,5.0
,0.08815182898224544,0.06577155306615387,0.06282897950724957,0.058357802352598596,ACTES external validation,power_fraction,exclude HRR >= 0.95,6.0
,0.15515161744220585,0.13047355797815272,0.1292375538921596,0.12091651263562937,ACTES external validation,power_fraction,exclude HRR >= 0.95,7.0
,0.09992097555805105,0.07717036993675867,0.07499971303048134,0.06910200198342684,ACTES external validation,power_fraction,exclude HRR >= 0.95,8.0
,0.1587655900420765,0.1370586821457272,0.13637165306978796,0.12886956398636534,ACTES external validation,power_fraction,exclude HRR >= 0.95,9.0
,0.09846316435633778,0.07715601824425203,0.07490798000820574,0.06936490821033969,ACTES external validation,power_fraction,exclude HRR >= 0.95,10.0
,0.13337196568770995,0.11935897258785495,0.11631115182390976,0.11498525187880014,ACTES external validation,power_fraction,exclude HRR >= 0.95,11.0
,0.052553155157880484,0.038732829842547806,0.036551841028465606,0.0366842357053905,ACTES external validation,power_fraction,exclude HRR >= 0.95,12.0
,0.03220995854117701,0.023754305998168322,0.02310302212647076,0.02499297023709049,ACTES external validation,power_fraction,exclude HRR >= 0.95,13.0
,0.06911392494277842,0.051680068929011405,0.049529983709662766,0.04742950260902187,ACTES external validation,power_fraction,exclude HRR >= 0.95,14.0
,0.04947386440959273,0.03478896357279487,0.03260547204389767,0.03194373075354013,ACTES external validation,power_fraction,exclude HRR >= 0.95,15.0
,0.133588628678358,0.11113708002427788,0.10979952786037428,0.10263296621500992,ACTES external validation,power_fraction,exclude HRR >= 0.95,16.0
,0.2190201159093447,0.19351094112824327,0.19174526235048137,0.1839450690843923,ACTES external validation,power_fraction,exclude HRR >= 0.95,17.0
,0.15328322383175208,0.12851843997720983,0.12682235496322342,0.11915056121098695,ACTES external validation,power_fraction,exclude HRR >= 0.95,18.0
