dataset,target,hrr_band,n_complete_units_with_data,n_observations,comparator,comparator_mae,cychrr_t_mae,delta_mae_tail_minus_comparator,delta_ci_low,delta_ci_high,absolute_difference_percentage_points
Graded-test temporal holdout,vo2r,<0.60,83,223,raw_hrr,0.05203850279051999,0.0509890089940346,-0.0010494937964853962,-0.0054623574745985256,0.003485210542849083,-0.10494937964853962
Graded-test temporal holdout,vo2r,<0.60,83,223,scaled_linear,0.05042012416971983,0.0509890089940346,0.000568884824314768,-0.00033191621149594643,0.0014698809331699786,0.0568884824314768
Graded-test temporal holdout,vo2r,<0.60,83,223,affine_linear,0.04855839411009871,0.0509890089940346,0.00243061488393588,-0.001377166644027142,0.006260970464911945,0.243061488393588
Graded-test temporal holdout,vo2r,0.60-<0.80,84,184,raw_hrr,0.0707334931024431,0.05524913972120433,-0.015484353381238774,-0.021899719554875498,-0.008978793868089814,-1.5484353381238773
Graded-test temporal holdout,vo2r,0.60-<0.80,84,184,scaled_linear,0.057076869940465284,0.05524913972120433,-0.0018277302192609684,-0.0032488812317410074,-0.0004044397740531115,-0.18277302192609685
Graded-test temporal holdout,vo2r,0.60-<0.80,84,184,affine_linear,0.05827238288892619,0.05524913972120433,-0.0030232431677218643,-0.005183713633935391,-0.000834220105665896,-0.3023243167721864
Graded-test temporal holdout,vo2r,0.80-<0.90,82,109,raw_hrr,0.07617281012895469,0.05267370496969855,-0.02349910515925612,-0.030643822695640043,-0.01569539905571653,-2.349910515925612
Graded-test temporal holdout,vo2r,0.80-<0.90,82,109,scaled_linear,0.05537216182502152,0.05267370496969855,-0.0026984568553229463,-0.004460728202072723,-0.000887370632581578,-0.2698456855322946
Graded-test temporal holdout,vo2r,0.80-<0.90,82,109,affine_linear,0.0541567006504671,0.05267370496969855,-0.0014829956807685227,-0.002492197868381858,-0.00044027258222333884,-0.14829956807685227
Graded-test temporal holdout,vo2r,>=0.90,84,166,raw_hrr,0.050393586631663566,0.038930299877645604,-0.011463286754017957,-0.015065970486749571,-0.007674365060654552,-1.1463286754017956
Graded-test temporal holdout,vo2r,>=0.90,84,166,scaled_linear,0.03685269096020577,0.038930299877645604,0.002077608917439834,-0.0011789707396647625,0.005280745069919984,0.2077608917439834
Graded-test temporal holdout,vo2r,>=0.90,84,166,affine_linear,0.04071734800188095,0.038930299877645604,-0.0017870481242353476,-0.006319833728359692,0.0027269620223929546,-0.17870481242353475
Graded-test temporal holdout,load_fraction,<0.60,83,223,raw_hrr,0.05435051719452249,0.04599150193291235,-0.008359015261610137,-0.012836283546647521,-0.003800175057351192,-0.8359015261610138
Graded-test temporal holdout,load_fraction,<0.60,83,223,scaled_linear,0.047651658877583304,0.04599150193291235,-0.0016601569446709592,-0.003020912629986398,-0.0002782796809914216,-0.1660156944670959
Graded-test temporal holdout,load_fraction,<0.60,83,223,affine_linear,0.04716480382532429,0.04599150193291235,-0.001173301892411944,-0.0017148821611752754,-0.0006107950006610153,-0.11733018924119439
Graded-test temporal holdout,load_fraction,0.60-<0.80,84,184,raw_hrr,0.058848022018155074,0.04569676478337374,-0.01315125723478133,-0.01956469676114361,-0.006454615425000847,-1.3151257234781328
Graded-test temporal holdout,load_fraction,0.60-<0.80,84,184,scaled_linear,0.04714831341753212,0.04569676478337374,-0.0014515486341583836,-0.0035584108212790015,0.0006972246439480823,-0.14515486341583836
Graded-test temporal holdout,load_fraction,0.60-<0.80,84,184,affine_linear,0.04690361966474223,0.04569676478337374,-0.0012068548813684906,-0.0030955660250317207,0.0007013896414831648,-0.12068548813684907
Graded-test temporal holdout,load_fraction,0.80-<0.90,82,109,raw_hrr,0.04930899935070864,0.04025024079381833,-0.00905875855689031,-0.0172718285077388,-0.0007695391502535724,-0.905875855689031
Graded-test temporal holdout,load_fraction,0.80-<0.90,82,109,scaled_linear,0.03866580840854519,0.04025024079381833,0.0015844323852731393,-0.0010956319708320058,0.00419279317435917,0.15844323852731393
Graded-test temporal holdout,load_fraction,0.80-<0.90,82,109,affine_linear,0.03867484642805407,0.04025024079381833,0.0015753943657642587,-0.0012869657198355496,0.004488387497782048,0.15753943657642586
Graded-test temporal holdout,load_fraction,>=0.90,84,166,raw_hrr,0.020775416475410157,0.026945702318422932,0.006170285843012781,0.002032970253140028,0.010128271941398056,0.6170285843012782
Graded-test temporal holdout,load_fraction,>=0.90,84,166,scaled_linear,0.04013342707966722,0.026945702318422932,-0.01318772476124427,-0.01483546305907137,-0.011572091056440062,-1.318772476124427
Graded-test temporal holdout,load_fraction,>=0.90,84,166,affine_linear,0.03814334213425299,0.026945702318422932,-0.011197639815830048,-0.012845367561561245,-0.009607319898267835,-1.1197639815830047
ACTES external validation,vo2r,<0.60,18,778,raw_hrr,0.061917600300751316,0.05395192407354513,-0.007965676227206207,-0.013336660946097041,-0.002153496251524131,-0.7965676227206206
ACTES external validation,vo2r,<0.60,18,778,scaled_linear,0.054962861226453524,0.05395192407354513,-0.001010937152908395,-0.002125686573380149,0.00016517293863133774,-0.1010937152908395
ACTES external validation,vo2r,<0.60,18,778,affine_linear,0.06086836928007547,0.05395192407354513,-0.006916445206530346,-0.011834959930044854,-0.0012999772787014039,-0.6916445206530346
ACTES external validation,vo2r,0.60-<0.80,18,313,raw_hrr,0.0701895333103559,0.05147096358704213,-0.018718569723313778,-0.026915845259251146,-0.009900708025849912,-1.8718569723313778
ACTES external validation,vo2r,0.60-<0.80,18,313,scaled_linear,0.05400407489113507,0.05147096358704213,-0.0025331113040929407,-0.004463034836447778,-0.000428046026432686,-0.2533111304092941
ACTES external validation,vo2r,0.60-<0.80,18,313,affine_linear,0.05506311315138654,0.05147096358704213,-0.0035921495643444134,-0.006458692797124899,-0.00048715347334779015,-0.35921495643444135
ACTES external validation,vo2r,0.80-<0.90,17,183,raw_hrr,0.0971450268430523,0.07049274751032455,-0.026652279332727753,-0.0374897112989619,-0.0143276667774154,-2.6652279332727753
ACTES external validation,vo2r,0.80-<0.90,17,183,scaled_linear,0.07434276023501718,0.07049274751032455,-0.0038500127246926187,-0.006653471479364307,-0.0006698438040884016,-0.38500127246926186
ACTES external validation,vo2r,0.80-<0.90,17,183,affine_linear,0.07234379981660237,0.07049274751032455,-0.0018510523062778038,-0.0033982232478145685,-0.00016828236687552184,-0.1851052306277804
ACTES external validation,vo2r,>=0.90,18,267,raw_hrr,0.08248493093217207,0.07088751448494364,-0.011597416447228408,-0.01913902807382317,-0.0033614118065557843,-1.1597416447228408
ACTES external validation,vo2r,>=0.90,18,267,scaled_linear,0.06672688876607989,0.07088751448494364,0.004160625718863762,0.0004765904874504611,0.008058738452768142,0.41606257188637624
ACTES external validation,vo2r,>=0.90,18,267,affine_linear,0.0658791133779616,0.07088751448494364,0.00500840110698204,-0.0011294232070953756,0.011173950173346927,0.500840110698204
ACTES external validation,power_fraction,<0.60,18,778,raw_hrr,0.12117028377424581,0.10203682218058005,-0.01913346159366572,-0.021996242230577216,-0.01586040079060028,-1.9133461593665722
ACTES external validation,power_fraction,<0.60,18,778,scaled_linear,0.10711066387433975,0.10203682218058005,-0.005073841693759683,-0.006066197753849358,-0.003958606736100754,-0.5073841693759683
ACTES external validation,power_fraction,<0.60,18,778,affine_linear,0.10381625072629065,0.10203682218058005,-0.001779428545710567,-0.00266825965457994,-0.0008382844995412436,-0.1779428545710567
ACTES external validation,power_fraction,0.60-<0.80,18,313,raw_hrr,0.10659020477090801,0.07732119129100894,-0.029269013479899058,-0.03562049239148751,-0.0200476083917971,-2.9269013479899058
ACTES external validation,power_fraction,0.60-<0.80,18,313,scaled_linear,0.08443918737783712,0.07732119129100894,-0.007117996086828197,-0.009456784172121133,-0.004205256440394035,-0.7117996086828197
ACTES external validation,power_fraction,0.60-<0.80,18,313,affine_linear,0.08372754081907935,0.07732119129100894,-0.006406349528070409,-0.008546740644061237,-0.0038321543580484042,-0.6406349528070409
ACTES external validation,power_fraction,0.80-<0.90,17,183,raw_hrr,0.09842568572004137,0.06301328452892627,-0.03541240119111513,-0.042934224781544975,-0.02634392744685722,-3.541240119111513
ACTES external validation,power_fraction,0.80-<0.90,17,183,scaled_linear,0.07078159508915853,0.06301328452892627,-0.0077683105602322855,-0.01117297762089636,-0.003841253206319307,-0.7768310560232285
ACTES external validation,power_fraction,0.80-<0.90,17,183,affine_linear,0.07157996009972013,0.06301328452892627,-0.008566675570793882,-0.012272111905400635,-0.00428931718600041,-0.8566675570793882
ACTES external validation,power_fraction,>=0.90,18,267,raw_hrr,0.05672639214431996,0.045158430826827384,-0.011567961317492579,-0.018850931620396784,-0.0033581658037973726,-1.1567961317492579
ACTES external validation,power_fraction,>=0.90,18,267,scaled_linear,0.04730463772328441,0.045158430826827384,-0.002146206896457036,-0.004880722276199097,0.0006170135738409925,-0.2146206896457036
ACTES external validation,power_fraction,>=0.90,18,267,affine_linear,0.04742032371645381,0.045158430826827384,-0.002261892889626442,-0.004743243904980475,0.0001343320840948588,-0.2261892889626442
