file,raw_linear,scaled_linear,affine_linear,cycling_tail,dataset,target,representation,ID
A1085.xlsx,0.08381351392715031,0.052453119161109285,0.05682420476124723,0.05059324515570431,Graded-test temporal holdout,vo2r,continuous,
A1086.xlsx,0.05142109771767731,0.020989084804013652,0.02810351357431847,0.02160631004167042,Graded-test temporal holdout,vo2r,continuous,
A1088.xlsx,0.043118060449082944,0.035433687211475474,0.03192868260535684,0.03412718467543308,Graded-test temporal holdout,vo2r,continuous,
A1096.xlsx,0.04115126676602093,0.022262784523619177,0.030797419107568003,0.01721478827338615,Graded-test temporal holdout,vo2r,continuous,
A1106.xlsx,0.07580158400233225,0.053903436521858375,0.056451212437323255,0.04937435720042936,Graded-test temporal holdout,vo2r,continuous,
A1108.xlsx,0.029801229801229772,0.012730164995203361,0.012201414430008313,0.01821406569239508,Graded-test temporal holdout,vo2r,continuous,
A1116.xlsx,0.034270396695219016,0.06309843017681392,0.05730648914656763,0.06421876923834488,Graded-test temporal holdout,vo2r,continuous,
A1117.xlsx,0.06740645125471906,0.03711650844631832,0.042479865374027856,0.03327544504567775,Graded-test temporal holdout,vo2r,continuous,
A1120.xlsx,0.08910236482492591,0.059895234341307675,0.0656364629580095,0.05357113003571323,Graded-test temporal holdout,vo2r,continuous,
A202.xlsx,0.06753183352996217,0.03379444041400434,0.03530246337227194,0.03323340093400336,Graded-test temporal holdout,vo2r,continuous,
A203.xlsx,0.07994492463370934,0.045259335734034074,0.04637010333612208,0.04315109367664554,Graded-test temporal holdout,vo2r,continuous,
A204.xlsx,0.05381302215387172,0.027351002075058944,0.03124911519610668,0.021688940094203607,Graded-test temporal holdout,vo2r,continuous,
A205.xlsx,0.0379723317898588,0.028699611625605786,0.02198691876894279,0.027807759772761034,Graded-test temporal holdout,vo2r,continuous,
A207.xlsx,0.057860202680830926,0.035504475835202054,0.03382161164365667,0.03196243578635916,Graded-test temporal holdout,vo2r,continuous,
A208.xlsx,0.048771929824561466,0.014141021100410489,0.01737062718520117,0.016422233112896055,Graded-test temporal holdout,vo2r,continuous,
A220.xlsx,0.042412580604519544,0.022587497438076212,0.02443521094077857,0.02094462861646297,Graded-test temporal holdout,vo2r,continuous,
A221.xlsx,0.04365322177822187,0.02354431011659818,0.026298625557787725,0.0225773924883991,Graded-test temporal holdout,vo2r,continuous,
A226.xlsx,0.06882760212324027,0.03988160811443855,0.04060718809864524,0.04129967444304229,Graded-test temporal holdout,vo2r,continuous,
A232.xlsx,0.023650601017105866,0.047499123710279485,0.04575598645328794,0.047800962276507784,Graded-test temporal holdout,vo2r,continuous,
A236.xlsx,0.04093880613010398,0.03061356410989785,0.022217318148851556,0.03119446903224974,Graded-test temporal holdout,vo2r,continuous,
A237.xlsx,0.05204292568395267,0.02239234162455283,0.028092713831661627,0.021958199986971398,Graded-test temporal holdout,vo2r,continuous,
A238.xlsx,0.03625772623098821,0.022016577343733586,0.02652003563545898,0.02234820882500227,Graded-test temporal holdout,vo2r,continuous,
A239.xlsx,0.022726423833144063,0.03761429598403116,0.035402304063054085,0.041628440840183335,Graded-test temporal holdout,vo2r,continuous,
A240.xlsx,0.048340841145516324,0.026608113089051623,0.03063139160434676,0.021731162818660055,Graded-test temporal holdout,vo2r,continuous,
A241.xlsx,0.04219271311028692,0.022860666091092868,0.03177242856893005,0.013640798971766824,Graded-test temporal holdout,vo2r,continuous,
A246.xlsx,0.10660721959604638,0.12227613690085536,0.11177932760197828,0.1324467078946181,Graded-test temporal holdout,vo2r,continuous,
A251.xlsx,0.038213180008845674,0.024697454362960312,0.02791190254442492,0.025398338131128524,Graded-test temporal holdout,vo2r,continuous,
A274.xlsx,0.07394314617585222,0.09975007204956521,0.09256451461961737,0.10099497772685861,Graded-test temporal holdout,vo2r,continuous,
A275.xlsx,0.06045435986321114,0.08642762830902116,0.07877072962666558,0.08809341073207574,Graded-test temporal holdout,vo2r,continuous,
A294.xlsx,0.08422315202231524,0.054110494670768346,0.05909283234599367,0.054089345875743204,Graded-test temporal holdout,vo2r,continuous,
A295.xlsx,0.11169967576858472,0.08042300804499727,0.08361545822266515,0.08073278916669517,Graded-test temporal holdout,vo2r,continuous,
A3000.xlsx,0.0430469138674058,0.029966316808522457,0.020249967748538218,0.03211110565393328,Graded-test temporal holdout,vo2r,continuous,
A3001.xlsx,0.07667004048583001,0.0855891035562095,0.07817700338474347,0.08921707306581109,Graded-test temporal holdout,vo2r,continuous,
A3002.xlsx,0.0843979868370113,0.056482917447535384,0.054951475836575926,0.05824376198309319,Graded-test temporal holdout,vo2r,continuous,
A3003.xlsx,0.03603896103896106,0.014979927893059615,0.019506596810542984,0.01958114710548898,Graded-test temporal holdout,vo2r,continuous,
A3005.xlsx,0.6667610736193549,0.6347405647801458,0.637016923108415,0.6351628329335887,Graded-test temporal holdout,vo2r,continuous,
A3008.xlsx,0.02244580404776019,0.04152390804116759,0.03571867893216872,0.04536850146999886,Graded-test temporal holdout,vo2r,continuous,
A3009.xlsx,0.025166548756042923,0.04055067663083282,0.034485199379198396,0.047360019139545746,Graded-test temporal holdout,vo2r,continuous,
A3010.xlsx,0.011064030131826672,0.03686748379190467,0.033602492404442776,0.039619683554125776,Graded-test temporal holdout,vo2r,continuous,
A3011.xlsx,0.020213678032051676,0.010980023986376106,0.0109007046099035,0.01652211812136663,Graded-test temporal holdout,vo2r,continuous,
A3012.xlsx,0.060142381012146286,0.024707715013468246,0.02517708759112941,0.02661163019336016,Graded-test temporal holdout,vo2r,continuous,
A3013.xlsx,0.053168044077135,0.030790266035707857,0.03471546591646336,0.025449197099506323,Graded-test temporal holdout,vo2r,continuous,
A3014.xlsx,0.020463354903582604,0.023020881843629427,0.0202763250277631,0.02594908297284516,Graded-test temporal holdout,vo2r,continuous,
A3018.xlsx,0.06227106227106223,0.040589597229632464,0.040720560524365894,0.036954790973294495,Graded-test temporal holdout,vo2r,continuous,
A3019.xlsx,0.06915652339292512,0.044119293971878554,0.04421747292929695,0.0470981884107279,Graded-test temporal holdout,vo2r,continuous,
A3020.xlsx,0.010974588496914135,0.027119970451704865,0.0202426247847147,0.031544153720344574,Graded-test temporal holdout,vo2r,continuous,
A3022.xlsx,0.07058238918704035,0.057695054903136166,0.04787065267434792,0.06374771606076877,Graded-test temporal holdout,vo2r,continuous,
A3023.xlsx,0.050361364403917586,0.037695861705495805,0.039194861352829805,0.029821006416751093,Graded-test temporal holdout,vo2r,continuous,
A3024.xlsx,0.10122165914711934,0.07204800784528868,0.06882712096188165,0.07386961119665869,Graded-test temporal holdout,vo2r,continuous,
A3027.xlsx,0.05050971538040507,0.03342951837394027,0.03750972144605053,0.028102535853853715,Graded-test temporal holdout,vo2r,continuous,
A3031.xlsx,0.0760103383458646,0.047212182139335784,0.05117238101141608,0.046360966532008406,Graded-test temporal holdout,vo2r,continuous,
A3032.xlsx,0.046473311933642035,0.06220360028188082,0.05828419457627715,0.06923177038252463,Graded-test temporal holdout,vo2r,continuous,
A3036.xlsx,0.04836601307189539,0.025229707155668316,0.0336659433679121,0.02012718229748785,Graded-test temporal holdout,vo2r,continuous,
A3037.xlsx,0.02016353881118063,0.03537225433431833,0.03466773123022902,0.035280646187126265,Graded-test temporal holdout,vo2r,continuous,
A3039.xlsx,0.042798475243771436,0.03387918743114617,0.04026912551058827,0.028836321326788882,Graded-test temporal holdout,vo2r,continuous,
A3041.xlsx,0.06462379421221864,0.09144689732155269,0.08358058798037227,0.09431004872560864,Graded-test temporal holdout,vo2r,continuous,
A3043.xlsx,0.04188286163522009,0.06881597145533969,0.062258969290912965,0.07196079497301386,Graded-test temporal holdout,vo2r,continuous,
A3045.xlsx,0.06807407280631186,0.06979964281253631,0.05914119080051593,0.0790369443351322,Graded-test temporal holdout,vo2r,continuous,
A3049.xlsx,0.05912548615877372,0.03951543857300987,0.045219542081470075,0.033476305832921306,Graded-test temporal holdout,vo2r,continuous,
A3051.xlsx,0.079629556511935,0.054204524543466956,0.054428875161686666,0.05296721991783548,Graded-test temporal holdout,vo2r,continuous,
A3052.xlsx,0.04017551385972436,0.04321625129522954,0.03658400431111217,0.04115890479017317,Graded-test temporal holdout,vo2r,continuous,
A3053.xlsx,0.026976704521227475,0.031355412888754854,0.02543875865886634,0.042285025373068066,Graded-test temporal holdout,vo2r,continuous,
A3056.xlsx,0.06188814531548755,0.030311374725512742,0.03471220077395142,0.028531499662742682,Graded-test temporal holdout,vo2r,continuous,
A3057.xlsx,0.11234850966262694,0.08018199587890878,0.08251897534627609,0.07620364444252847,Graded-test temporal holdout,vo2r,continuous,
A3058.xlsx,0.023076923076923148,0.025883483154488046,0.030762046200886774,0.026199729778066227,Graded-test temporal holdout,vo2r,continuous,
A3059.xlsx,0.021816891150630135,0.03571370634047357,0.028726668285893063,0.03928605375071837,Graded-test temporal holdout,vo2r,continuous,
A3060.xlsx,0.05106336107836484,0.042282890674224326,0.04484735017459295,0.03409005283753315,Graded-test temporal holdout,vo2r,continuous,
A3062.xlsx,0.02735835490365259,0.03550290651405244,0.03542177458767079,0.03552994916247946,Graded-test temporal holdout,vo2r,continuous,
A3063.xlsx,0.034392544607341716,0.014436670778388177,0.021545152059424765,0.008652983283320865,Graded-test temporal holdout,vo2r,continuous,
A3066.xlsx,0.02423043805833601,0.03265614013686588,0.02639643777647667,0.0345140520111168,Graded-test temporal holdout,vo2r,continuous,
A3071.xlsx,0.0723358821476795,0.039643774443427905,0.04247850005109765,0.036456150222731055,Graded-test temporal holdout,vo2r,continuous,
A3072.xlsx,0.10100767754318617,0.06822902295151684,0.06957167227943722,0.07061916964017158,Graded-test temporal holdout,vo2r,continuous,
A4000.xlsx,0.059281582172066916,0.04669506458436362,0.03791282198817809,0.05072847934950352,Graded-test temporal holdout,vo2r,continuous,
A4001.xlsx,0.051345508334755624,0.0276762162365235,0.02341205164507594,0.031166149986520435,Graded-test temporal holdout,vo2r,continuous,
A530.xlsx,0.08795946876406871,0.05827461854194093,0.06302860967426396,0.05675686943195772,Graded-test temporal holdout,vo2r,continuous,
A531.xlsx,0.0472422173003568,0.035376174544087015,0.043916547064550004,0.030107429156773904,Graded-test temporal holdout,vo2r,continuous,
A535.xlsx,0.1891018870932388,0.15344944747506348,0.15125283151579066,0.15266199975120084,Graded-test temporal holdout,vo2r,continuous,
A536.xlsx,0.008335310868533514,0.02425922953719984,0.022775288791167157,0.025572322271936107,Graded-test temporal holdout,vo2r,continuous,
A538.xlsx,0.07481005711812395,0.050809139916065095,0.05192029572893364,0.049012537613239204,Graded-test temporal holdout,vo2r,continuous,
A543.xlsx,0.02943181818181822,0.01772749363296386,0.02275793540236397,0.01301505353914615,Graded-test temporal holdout,vo2r,continuous,
A547.xlsx,0.01632619478596117,0.03185818095812741,0.027398724601630016,0.037101316385023085,Graded-test temporal holdout,vo2r,continuous,
A577.xlsx,0.0816923754105418,0.05284628689853093,0.05809489427050707,0.04710191594822019,Graded-test temporal holdout,vo2r,continuous,
A582.xlsx,0.05526059232715008,0.06952238516231442,0.06313358792809759,0.0745541522221736,Graded-test temporal holdout,vo2r,continuous,
A600.xlsx,0.0453938584779706,0.04361562349135941,0.031249837718967593,0.05123487037966388,Graded-test temporal holdout,vo2r,continuous,
A1085.xlsx,0.09999999999999998,0.08051829940792524,0.07932587165248063,0.06882138439238367,Graded-test temporal holdout,load_fraction,continuous,
A1086.xlsx,0.060805084745762725,0.04841508662369128,0.04592810644281456,0.04266361871232075,Graded-test temporal holdout,load_fraction,continuous,
A1088.xlsx,0.034554334554334556,0.05461522668044221,0.056133415758754864,0.06312030092717484,Graded-test temporal holdout,load_fraction,continuous,
A1096.xlsx,0.021590909090909063,0.02128179972321472,0.01910409008176618,0.020879491237324806,Graded-test temporal holdout,load_fraction,continuous,
A1106.xlsx,0.04305977710233031,0.028302232135878243,0.02822336188839084,0.0204667620365491,Graded-test temporal holdout,load_fraction,continuous,
A1108.xlsx,0.019576719576719574,0.0157297656056537,0.015460108069503209,0.01785143305588097,Graded-test temporal holdout,load_fraction,continuous,
A1116.xlsx,0.02181085043988268,0.0404812580116364,0.04206129369937181,0.0447657646158487,Graded-test temporal holdout,load_fraction,continuous,
A1117.xlsx,0.04061234817813764,0.026614152619693812,0.025151034244076637,0.021945094272995458,Graded-test temporal holdout,load_fraction,continuous,
A1120.xlsx,0.027979553403282207,0.030244651250203758,0.029089567201687958,0.03713399153080822,Graded-test temporal holdout,load_fraction,continuous,
A202.xlsx,0.07242225859247134,0.05160191133050631,0.050520577936857845,0.03780190579117606,Graded-test temporal holdout,load_fraction,continuous,
A203.xlsx,0.06522133526850504,0.050323937129953304,0.04922307772107628,0.03914953370919382,Graded-test temporal holdout,load_fraction,continuous,
A204.xlsx,0.06897566718995288,0.052775561106524406,0.051712159767677644,0.043085575969702326,Graded-test temporal holdout,load_fraction,continuous,
A205.xlsx,0.01493930905695615,0.023283621521041187,0.02483239476513018,0.027277976503724266,Graded-test temporal holdout,load_fraction,continuous,
A207.xlsx,0.08224687933425792,0.0629002806880367,0.062063329978682226,0.05182866312236595,Graded-test temporal holdout,load_fraction,continuous,
A208.xlsx,0.081904761904762,0.06646783343561327,0.065457953846679,0.052077001013171344,Graded-test temporal holdout,load_fraction,continuous,
A220.xlsx,0.052729126123621545,0.03636532569880398,0.0360009349723769,0.025841899221590667,Graded-test temporal holdout,load_fraction,continuous,
A221.xlsx,0.0519230769230769,0.043481473054150954,0.040919112780586124,0.0383188551764656,Graded-test temporal holdout,load_fraction,continuous,
A226.xlsx,0.07190476190476194,0.05561282679088463,0.0535260127145231,0.04460655184059443,Graded-test temporal holdout,load_fraction,continuous,
A232.xlsx,0.02562830687830686,0.01980270589722778,0.019479221018928305,0.015344945602354406,Graded-test temporal holdout,load_fraction,continuous,
A236.xlsx,0.018951612903225848,0.019858619078389463,0.022168631857791207,0.020155463182313503,Graded-test temporal holdout,load_fraction,continuous,
A237.xlsx,0.02842741935483869,0.020962883859152993,0.018609369152653807,0.01813713551929503,Graded-test temporal holdout,load_fraction,continuous,
A238.xlsx,0.03802521008403363,0.02197152332305928,0.019169173695402678,0.014493377659783153,Graded-test temporal holdout,load_fraction,continuous,
A239.xlsx,0.030229128856624293,0.04670952607712572,0.046810180256946464,0.04986684096458153,Graded-test temporal holdout,load_fraction,continuous,
A240.xlsx,0.029268292682926807,0.02848762757031864,0.02718395894254707,0.0279992927646511,Graded-test temporal holdout,load_fraction,continuous,
A241.xlsx,0.06107226107226103,0.04255631999671653,0.040683858835889576,0.03199465665368559,Graded-test temporal holdout,load_fraction,continuous,
A246.xlsx,0.030982905982905977,0.050177529788916334,0.05213721184647473,0.05371718434320717,Graded-test temporal holdout,load_fraction,continuous,
A251.xlsx,0.09774436090225566,0.07909270770382824,0.07799386313335933,0.06722126539026016,Graded-test temporal holdout,load_fraction,continuous,
A274.xlsx,0.0403708133971292,0.0653637845514356,0.06732399739136286,0.06958361173406062,Graded-test temporal holdout,load_fraction,continuous,
A275.xlsx,0.03397612488521578,0.058627900290063296,0.06071669454959017,0.06329356695156411,Graded-test temporal holdout,load_fraction,continuous,
A294.xlsx,0.03900000000000001,0.025961036598815893,0.023130983668474686,0.018616075650118254,Graded-test temporal holdout,load_fraction,continuous,
A295.xlsx,0.04896675651392635,0.03491556958188557,0.03251252458374386,0.024846440296778478,Graded-test temporal holdout,load_fraction,continuous,
A3000.xlsx,0.03183023872679042,0.04241129502417654,0.04386055153860203,0.04774445111640777,Graded-test temporal holdout,load_fraction,continuous,
A3001.xlsx,0.06599002849002848,0.08364287364406502,0.08560457267462504,0.0860215843440065,Graded-test temporal holdout,load_fraction,continuous,
A3002.xlsx,0.04219899341850564,0.032625635402079384,0.033072400831478624,0.024038188833713264,Graded-test temporal holdout,load_fraction,continuous,
A3003.xlsx,0.03246753246753248,0.03179347146409961,0.029757679093333465,0.029821006416751054,Graded-test temporal holdout,load_fraction,continuous,
A3005.xlsx,0.05408163265306123,0.03332765773660613,0.03204574597879046,0.022483391967295024,Graded-test temporal holdout,load_fraction,continuous,
A3008.xlsx,0.01936456400742116,0.04071851194485293,0.042302172607107405,0.04772610237531763,Graded-test temporal holdout,load_fraction,continuous,
A3009.xlsx,0.010505836575875482,0.018469296649393774,0.019180400162769867,0.022486485955773516,Graded-test temporal holdout,load_fraction,continuous,
A3010.xlsx,0.027380952380952388,0.028309193751942557,0.02759984505047574,0.029050456865173165,Graded-test temporal holdout,load_fraction,continuous,
A3011.xlsx,0.014285714285714275,0.031896584701761654,0.031562688723870524,0.03427011166227694,Graded-test temporal holdout,load_fraction,continuous,
A3012.xlsx,0.08490566037735847,0.06536269657587472,0.06514160168227916,0.05190699095359649,Graded-test temporal holdout,load_fraction,continuous,
A3013.xlsx,0.06565656565656565,0.045641686087432125,0.04391305489408484,0.033286016632483734,Graded-test temporal holdout,load_fraction,continuous,
A3014.xlsx,0.024509803921568613,0.05169505278698008,0.05282909419687762,0.057931437535844926,Graded-test temporal holdout,load_fraction,continuous,
A3018.xlsx,0.054341736694677845,0.04053537745155487,0.04086168569374,0.030295429718728468,Graded-test temporal holdout,load_fraction,continuous,
A3019.xlsx,0.08430962343096234,0.06543927327587742,0.0640164548804976,0.05418743827906614,Graded-test temporal holdout,load_fraction,continuous,
A3020.xlsx,0.019493177387914243,0.04470925768642811,0.04658539066740826,0.04965420246499636,Graded-test temporal holdout,load_fraction,continuous,
A3022.xlsx,0.05128205128205128,0.04623136956956147,0.04859382664546827,0.04440638391129392,Graded-test temporal holdout,load_fraction,continuous,
A3023.xlsx,0.04129870129870129,0.027680694810975664,0.02727176921482021,0.01941297473212366,Graded-test temporal holdout,load_fraction,continuous,
A3024.xlsx,0.04984283789851815,0.03952356708598323,0.0391305959698828,0.028195821515278083,Graded-test temporal holdout,load_fraction,continuous,
A3027.xlsx,0.05873015873015876,0.04045475689089422,0.03872002202679628,0.03082592812976696,Graded-test temporal holdout,load_fraction,continuous,
A3031.xlsx,0.0237106643356643,0.020823043480556323,0.020099454416221407,0.018142741623715417,Graded-test temporal holdout,load_fraction,continuous,
A3032.xlsx,0.02514506769825917,0.05250234938074706,0.053571559315245265,0.058494255242567204,Graded-test temporal holdout,load_fraction,continuous,
A3036.xlsx,0.03333333333333335,0.03679708360744201,0.034662437916750694,0.03600093395207661,Graded-test temporal holdout,load_fraction,continuous,
A3037.xlsx,0.051844903064415235,0.03214145953877219,0.030816426244687323,0.023667435384540653,Graded-test temporal holdout,load_fraction,continuous,
A3039.xlsx,0.05462783171521033,0.043809912589051,0.04206674390773765,0.03994974158833428,Graded-test temporal holdout,load_fraction,continuous,
A3041.xlsx,0.04720000000000001,0.07170018666459317,0.07384610794123013,0.07754477541371152,Graded-test temporal holdout,load_fraction,continuous,
A3043.xlsx,0.033617424242424254,0.05533140302734088,0.05592989681224965,0.06038275037610139,Graded-test temporal holdout,load_fraction,continuous,
A3045.xlsx,0.03791061879297172,0.06299944749663097,0.06492353591298412,0.06721975588126548,Graded-test temporal holdout,load_fraction,continuous,
A3049.xlsx,0.055076979472140776,0.04553298401647683,0.0433839405491332,0.039671783144617306,Graded-test temporal holdout,load_fraction,continuous,
A3051.xlsx,0.062015503875969005,0.042282101725857155,0.040868447198827415,0.03099766548285789,Graded-test temporal holdout,load_fraction,continuous,
A3052.xlsx,0.03503503503503502,0.02332887565209032,0.024931816648490583,0.020291381620796092,Graded-test temporal holdout,load_fraction,continuous,
A3053.xlsx,0.029323308270676664,0.020847697806684558,0.018608973097549792,0.015944957578717223,Graded-test temporal holdout,load_fraction,continuous,
A3056.xlsx,0.045595238095238085,0.028506511223166824,0.026419663616380856,0.02269386280911103,Graded-test temporal holdout,load_fraction,continuous,
A3057.xlsx,0.10597251585623679,0.08600049393375608,0.0847502378037118,0.07487575837776639,Graded-test temporal holdout,load_fraction,continuous,
A3058.xlsx,0.031818181818181836,0.039493066735028705,0.0377325037825537,0.040731297501123385,Graded-test temporal holdout,load_fraction,continuous,
A3059.xlsx,0.04236443381180224,0.0675011096953564,0.06940716664934672,0.07400739267623015,Graded-test temporal holdout,load_fraction,continuous,
A3060.xlsx,0.10304659498207887,0.08171448196817628,0.08090331007090253,0.07208939554088307,Graded-test temporal holdout,load_fraction,continuous,
A3062.xlsx,0.027910685805422684,0.023182900410031536,0.020692372683717757,0.018557182070669066,Graded-test temporal holdout,load_fraction,continuous,
A3063.xlsx,0.03758241758241756,0.028218511211064536,0.02555116032398024,0.025145161416691337,Graded-test temporal holdout,load_fraction,continuous,
A3066.xlsx,0.013556618819776711,0.03691204313912422,0.03843754521896325,0.041493954032509224,Graded-test temporal holdout,load_fraction,continuous,
A3071.xlsx,0.07020997375328086,0.055549884754170935,0.054210561962463384,0.04634933412892835,Graded-test temporal holdout,load_fraction,continuous,
A3072.xlsx,0.06818181818181818,0.04870011758974345,0.047507689834298844,0.03779331027880359,Graded-test temporal holdout,load_fraction,continuous,
A4000.xlsx,0.02182539682539681,0.010599390709494227,0.011711527019595084,0.009038214379526411,Graded-test temporal holdout,load_fraction,continuous,
A4001.xlsx,0.018730158730158732,0.02624914769917131,0.02665657129504196,0.028462717041111148,Graded-test temporal holdout,load_fraction,continuous,
A530.xlsx,0.0610679970436068,0.0418634751184925,0.04056659111897968,0.02986539771149581,Graded-test temporal holdout,load_fraction,continuous,
A531.xlsx,0.04938271604938269,0.04020911434408388,0.03787930931008573,0.03345553069119936,Graded-test temporal holdout,load_fraction,continuous,
A535.xlsx,0.15175789942145082,0.1310016950523245,0.13069596170196215,0.11794092409699464,Graded-test temporal holdout,load_fraction,continuous,
A536.xlsx,0.02282491944146079,0.030872868426066513,0.028660765465771988,0.030144713612909685,Graded-test temporal holdout,load_fraction,continuous,
A538.xlsx,0.025761124121779857,0.02345325217024145,0.023496980005603314,0.020803637287423928,Graded-test temporal holdout,load_fraction,continuous,
A543.xlsx,0.061250000000000006,0.04327813120381109,0.041516715364606535,0.03235520094562653,Graded-test temporal holdout,load_fraction,continuous,
A547.xlsx,0.008460471567267671,0.03487203493882186,0.036088570147721315,0.03920470945237142,Graded-test temporal holdout,load_fraction,continuous,
A577.xlsx,0.060778727445394115,0.04583617476560026,0.043893112589352516,0.0366750135563321,Graded-test temporal holdout,load_fraction,continuous,
A582.xlsx,0.041015624999999965,0.05286218863414199,0.05525912745399774,0.05442465399507034,Graded-test temporal holdout,load_fraction,continuous,
A600.xlsx,0.02857142857142855,0.05343378932702868,0.055443223385293956,0.05673993395624592,Graded-test temporal holdout,load_fraction,continuous,
,0.10904266572899268,0.08579304993455648,0.08681420925239898,0.08306800941257672,ACTES external validation,vo2r,continuous,1.0
,0.07365756577728233,0.05378821440461367,0.056263126429233826,0.04786649571237563,ACTES external validation,vo2r,continuous,2.0
,0.11127523044179972,0.0894193529165219,0.09920131110318965,0.086578404809361,ACTES external validation,vo2r,continuous,3.0
,0.111737136046078,0.0915280556096997,0.1001234377020758,0.09021062015531718,ACTES external validation,vo2r,continuous,4.0
,0.05825021571840384,0.044046711668565164,0.05430235501439719,0.0414707754182896,ACTES external validation,vo2r,continuous,5.0
,0.03390176315581351,0.030493229285906788,0.03625036890737569,0.031220997310727243,ACTES external validation,vo2r,continuous,6.0
,0.08427816797092301,0.07779274222888463,0.07328641509130147,0.08029960901179704,ACTES external validation,vo2r,continuous,7.0
,0.05857362985641934,0.04317144745747656,0.04656507729248392,0.04071701848032619,ACTES external validation,vo2r,continuous,8.0
,0.057908170012770335,0.042451182456764935,0.04576831512596778,0.040564275149244516,ACTES external validation,vo2r,continuous,9.0
,0.06989062127264802,0.04899385160931537,0.05477274726193443,0.04672277876499741,ACTES external validation,vo2r,continuous,10.0
,0.06412982909208438,0.05114024542023203,0.05900711262901936,0.050206293218567885,ACTES external validation,vo2r,continuous,11.0
,0.028758031773277026,0.03353355672773528,0.03435766252801085,0.03440938963366915,ACTES external validation,vo2r,continuous,12.0
,0.0383862423855998,0.053228423020903096,0.04371655145250773,0.05680151919452204,ACTES external validation,vo2r,continuous,13.0
,0.05976683488644937,0.06322824474126446,0.0614354784114337,0.06782592421610134,ACTES external validation,vo2r,continuous,14.0
,0.06505848656597872,0.04945440603055078,0.04932944233817726,0.04948455901112661,ACTES external validation,vo2r,continuous,15.0
,0.061994585215659655,0.04581822260706517,0.046704188417396715,0.04565043415567526,ACTES external validation,vo2r,continuous,16.0
,0.1472762993150933,0.11776343086869569,0.12275557708230418,0.11416491090458918,ACTES external validation,vo2r,continuous,17.0
,0.056665850969182564,0.03813185377132045,0.03976549046647467,0.03570858757499671,ACTES external validation,vo2r,continuous,18.0
,0.1405620492432552,0.11918256428474364,0.11886838767897923,0.1117872090691249,ACTES external validation,power_fraction,continuous,1.0
,0.1278690782806894,0.10778683224981082,0.10706310356673007,0.09712037421289087,ACTES external validation,power_fraction,continuous,2.0
,0.08127532327059499,0.0670621264932285,0.06480491998895961,0.06398222074627358,ACTES external validation,power_fraction,continuous,3.0
,0.06653777345511337,0.06718794005306847,0.06549288759734234,0.06892941241636379,ACTES external validation,power_fraction,continuous,4.0
,0.08307176227866835,0.06747362927126752,0.06467934566864983,0.06006340897913382,ACTES external validation,power_fraction,continuous,5.0
,0.08414093027247643,0.062028937489002116,0.05935513124090537,0.05592886879032972,ACTES external validation,power_fraction,continuous,6.0
,0.14425010036100333,0.11927943141335468,0.11843005445682103,0.11248457761009428,ACTES external validation,power_fraction,continuous,7.0
,0.09180535402741676,0.07224839958592659,0.07024863242231927,0.06340835840556182,ACTES external validation,power_fraction,continuous,8.0
,0.14554449130349603,0.12888098816671703,0.12797346542798252,0.12020753525476868,ACTES external validation,power_fraction,continuous,9.0
,0.09255915353754145,0.07141920357212571,0.06982759807674098,0.06609687012417066,ACTES external validation,power_fraction,continuous,10.0
,0.12803530314225708,0.11661923301005475,0.11357812997340837,0.11167685595253316,ACTES external validation,power_fraction,continuous,11.0
,0.048902554146787236,0.038698039264507954,0.036447636940043146,0.03512684386080614,ACTES external validation,power_fraction,continuous,12.0
,0.03232673690288108,0.023035993044908817,0.022457727148832176,0.02451279015077537,ACTES external validation,power_fraction,continuous,13.0
,0.06533604199225866,0.04841566627475062,0.04646311490260049,0.0444382003844115,ACTES external validation,power_fraction,continuous,14.0
,0.04748427135203397,0.03415471009474343,0.0320531862780051,0.030626518038033235,ACTES external validation,power_fraction,continuous,15.0
,0.11922038260756739,0.09826981464559494,0.09737232490516953,0.09228356677326356,ACTES external validation,power_fraction,continuous,16.0
,0.21963670488076653,0.19317680858696124,0.19176941423079963,0.18616864686002643,ACTES external validation,power_fraction,continuous,17.0
,0.13926013205959728,0.115831556467989,0.11446406876350387,0.10832445407199488,ACTES external validation,power_fraction,continuous,18.0
A1085.xlsx,0.09930555555555556,0.07944322210137854,0.08228475177990446,0.07245862884160761,Graded-test temporal holdout,vo2r,10-bin midpoint,
A1086.xlsx,0.04666064981949457,0.03546228913222285,0.035178068241022056,0.031947431531693035,Graded-test temporal holdout,vo2r,10-bin midpoint,
A1088.xlsx,0.04586531319633574,0.04691407723493239,0.04159509127371186,0.04863470641154184,Graded-test temporal holdout,vo2r,10-bin midpoint,
A1096.xlsx,0.06549925484351725,0.0484743975970798,0.05546741019275979,0.04103116973713431,Graded-test temporal holdout,vo2r,10-bin midpoint,
A1106.xlsx,0.07971327074346614,0.06444938544650312,0.06949351782608822,0.05911245240824626,Graded-test temporal holdout,vo2r,10-bin midpoint,
A1108.xlsx,0.04498069498069498,0.027415366075640466,0.032098481444309955,0.02170742170742172,Graded-test temporal holdout,vo2r,10-bin midpoint,
A1116.xlsx,0.03862994350282488,0.051808472310334155,0.04663593843324823,0.059574968946588105,Graded-test temporal holdout,vo2r,10-bin midpoint,
A1117.xlsx,0.07521097046413507,0.054875724308668106,0.05702534016766837,0.04598520214262211,Graded-test temporal holdout,vo2r,10-bin midpoint,
A1120.xlsx,0.07082149315422374,0.04623003268714743,0.052786394203284716,0.03742061507249465,Graded-test temporal holdout,vo2r,10-bin midpoint,
A202.xlsx,0.06728011472275336,0.04599904316470654,0.04676483138465545,0.03839418091660682,Graded-test temporal holdout,vo2r,10-bin midpoint,
A203.xlsx,0.07381284916201122,0.05471273509124271,0.05729900202978568,0.04913031419628359,Graded-test temporal holdout,vo2r,10-bin midpoint,
A204.xlsx,0.04847250509164973,0.030943169692463135,0.03512391183783001,0.028113609991670382,Graded-test temporal holdout,vo2r,10-bin midpoint,
A205.xlsx,0.0371234207968902,0.043338844870986395,0.03420290644269282,0.04605621377223634,Graded-test temporal holdout,vo2r,10-bin midpoint,
A207.xlsx,0.08085908980287175,0.06599611919090256,0.062479919205012356,0.061439974639075766,Graded-test temporal holdout,vo2r,10-bin midpoint,
A208.xlsx,0.04639097744360907,0.03229497239655092,0.032499182588537325,0.029813896443235777,Graded-test temporal holdout,vo2r,10-bin midpoint,
A220.xlsx,0.058418048867487075,0.04688024036774169,0.05006886300562602,0.04340003061016692,Graded-test temporal holdout,vo2r,10-bin midpoint,
A221.xlsx,0.042573051948051964,0.03406062332483324,0.03334045886352794,0.0306930436584692,Graded-test temporal holdout,vo2r,10-bin midpoint,
A226.xlsx,0.06640895453496427,0.04884362562990975,0.05352674099857924,0.041164104822029486,Graded-test temporal holdout,vo2r,10-bin midpoint,
A232.xlsx,0.04530744336569586,0.045575794265724494,0.043390340427012085,0.04462844377118291,Graded-test temporal holdout,vo2r,10-bin midpoint,
A236.xlsx,0.06486710963455154,0.05919215721907239,0.05088919138476428,0.05671108126575722,Graded-test temporal holdout,vo2r,10-bin midpoint,
A237.xlsx,0.061115506329113986,0.043141281994068935,0.050134294589748926,0.03569805413412345,Graded-test temporal holdout,vo2r,10-bin midpoint,
A238.xlsx,0.037603305785123935,0.02316569695184824,0.029255145410218085,0.017463806341949453,Graded-test temporal holdout,vo2r,10-bin midpoint,
A239.xlsx,0.02848786828422878,0.0236061373609854,0.02848261461897479,0.027214417116330845,Graded-test temporal holdout,vo2r,10-bin midpoint,
A240.xlsx,0.06173044925124797,0.048488893615129945,0.05038324673414724,0.0426997163907279,Graded-test temporal holdout,vo2r,10-bin midpoint,
A241.xlsx,0.06036806635562465,0.046288640927734465,0.0552394743351424,0.041705730746464074,Graded-test temporal holdout,vo2r,10-bin midpoint,
A246.xlsx,0.11512370311252987,0.1283652587486479,0.1173560741728865,0.13609634748942953,Graded-test temporal holdout,vo2r,10-bin midpoint,
A251.xlsx,0.04775910364145663,0.048289699084564285,0.05555239136539009,0.04476031547370728,Graded-test temporal holdout,vo2r,10-bin midpoint,
A274.xlsx,0.09187131630648329,0.11180869989750236,0.10386851074231374,0.11874817121598459,Graded-test temporal holdout,vo2r,10-bin midpoint,
A275.xlsx,0.05439367311072057,0.07674871517977466,0.06957731915739235,0.08580588528300696,Graded-test temporal holdout,vo2r,10-bin midpoint,
A294.xlsx,0.08272315202231524,0.0645999684160452,0.07159298101172519,0.05715674055609971,Graded-test temporal holdout,vo2r,10-bin midpoint,
A295.xlsx,0.13178053830227743,0.11028146198521463,0.11496457735388413,0.10260194117733437,Graded-test temporal holdout,vo2r,10-bin midpoint,
A3000.xlsx,0.04020048716507399,0.03446940783618782,0.028084915043921934,0.036215350173705904,Graded-test temporal holdout,vo2r,10-bin midpoint,
A3001.xlsx,0.07597744360902257,0.08469337918120456,0.0752242517153168,0.08813078796281484,Graded-test temporal holdout,vo2r,10-bin midpoint,
A3002.xlsx,0.08143631436314364,0.06861512557261668,0.06403519984263359,0.06452010737601468,Graded-test temporal holdout,vo2r,10-bin midpoint,
A3003.xlsx,0.04328087167070221,0.028521676313055928,0.030398658134317184,0.0238860840645911,Graded-test temporal holdout,vo2r,10-bin midpoint,
A3005.xlsx,0.654108012394865,0.6268682408005651,0.6295498849273586,0.6190370904090494,Graded-test temporal holdout,vo2r,10-bin midpoint,
A3008.xlsx,0.03236514522821576,0.04452669924652766,0.03923239100444644,0.05128386696487244,Graded-test temporal holdout,vo2r,10-bin midpoint,
A3009.xlsx,0.033863636363636346,0.041491807909598784,0.03670737997209274,0.04720879002793891,Graded-test temporal holdout,vo2r,10-bin midpoint,
A3010.xlsx,0.024737691686844216,0.03035116044363006,0.026750532571541887,0.03579156148575546,Graded-test temporal holdout,vo2r,10-bin midpoint,
A3011.xlsx,0.022651473040578105,0.03751444365254731,0.04103064363843751,0.043891931030767016,Graded-test temporal holdout,vo2r,10-bin midpoint,
A3012.xlsx,0.06171470805617144,0.04183505550115452,0.042472153236936594,0.037349799674657035,Graded-test temporal holdout,vo2r,10-bin midpoint,
A3013.xlsx,0.05716253443526174,0.041568562219678334,0.0431382376586899,0.03886739737803568,Graded-test temporal holdout,vo2r,10-bin midpoint,
A3014.xlsx,0.009760132340777578,0.016722978931458455,0.017410507166247185,0.026035769944486364,Graded-test temporal holdout,vo2r,10-bin midpoint,
A3018.xlsx,0.05168067226890757,0.038439116632789545,0.03729519259955882,0.0326499394083875,Graded-test temporal holdout,vo2r,10-bin midpoint,
A3019.xlsx,0.0580387205387206,0.05094353681380016,0.04552266874272333,0.05218407479045773,Graded-test temporal holdout,vo2r,10-bin midpoint,
A3020.xlsx,0.03190934616927401,0.04016585567356558,0.041161055515564336,0.044658139717924136,Graded-test temporal holdout,vo2r,10-bin midpoint,
A3022.xlsx,0.07506459948320408,0.06519350188804127,0.05844937123929155,0.06532550198227252,Graded-test temporal holdout,vo2r,10-bin midpoint,
A3023.xlsx,0.052026342451874374,0.04571085164114063,0.04013128757807253,0.04559270516717325,Graded-test temporal holdout,vo2r,10-bin midpoint,
A3024.xlsx,0.1059290382819794,0.08745673669228521,0.0855638492006005,0.08134010105224125,Graded-test temporal holdout,vo2r,10-bin midpoint,
A3027.xlsx,0.05038793103448282,0.040215919170390614,0.047266712221809865,0.03562046547648169,Graded-test temporal holdout,vo2r,10-bin midpoint,
A3031.xlsx,0.06217105263157891,0.04810753544788561,0.048755749334204936,0.04397240885902701,Graded-test temporal holdout,vo2r,10-bin midpoint,
A3032.xlsx,0.045994659546061405,0.060743397603841676,0.05447876493339922,0.06795033251585239,Graded-test temporal holdout,vo2r,10-bin midpoint,
A3036.xlsx,0.05261437908496738,0.03815920336633581,0.04303169544334662,0.03344612864846497,Graded-test temporal holdout,vo2r,10-bin midpoint,
A3037.xlsx,0.02466858789625364,0.03596595560884711,0.03695545199000368,0.03966197941150416,Graded-test temporal holdout,vo2r,10-bin midpoint,
A3039.xlsx,0.04355748373101953,0.0371411085058105,0.042393614023025154,0.037263785685348445,Graded-test temporal holdout,vo2r,10-bin midpoint,
A3041.xlsx,0.06276527331189712,0.08660007345690954,0.07893664982953119,0.09430191633790179,Graded-test temporal holdout,vo2r,10-bin midpoint,
A3043.xlsx,0.05589622641509426,0.08001477418088065,0.07276649884521769,0.08886017440563795,Graded-test temporal holdout,vo2r,10-bin midpoint,
A3045.xlsx,0.06456211812627285,0.07497088437135233,0.06451830267804395,0.0830795031609153,Graded-test temporal holdout,vo2r,10-bin midpoint,
A3049.xlsx,0.06945921985815606,0.05479892611816826,0.05461753777860853,0.04838947990543742,Graded-test temporal holdout,vo2r,10-bin midpoint,
A3051.xlsx,0.06314846255423505,0.04813084465541838,0.04795195637786623,0.042893017642864156,Graded-test temporal holdout,vo2r,10-bin midpoint,
A3052.xlsx,0.04874686716791981,0.04265299456810234,0.0396396559402464,0.044520284161941474,Graded-test temporal holdout,vo2r,10-bin midpoint,
A3053.xlsx,0.02920604914933837,0.023243635310238802,0.022195486194843857,0.03057836308047463,Graded-test temporal holdout,vo2r,10-bin midpoint,
A3056.xlsx,0.05963671128107075,0.04190031803887749,0.043689663256509186,0.03715471298970751,Graded-test temporal holdout,vo2r,10-bin midpoint,
A3057.xlsx,0.12839537223340036,0.10711430067535356,0.10788008889530247,0.09950943842725384,Graded-test temporal holdout,vo2r,10-bin midpoint,
A3058.xlsx,0.05309829059829065,0.04316712387120215,0.04990487372689917,0.04109269867248591,Graded-test temporal holdout,vo2r,10-bin midpoint,
A3059.xlsx,0.029015589420213685,0.03492424375386961,0.029782912780979484,0.040563052738676796,Graded-test temporal holdout,vo2r,10-bin midpoint,
A3060.xlsx,0.06712809154669624,0.05724947067530661,0.05874169056478981,0.05257778336287335,Graded-test temporal holdout,vo2r,10-bin midpoint,
A3062.xlsx,0.03479052823315121,0.04718996720097452,0.0436565237029229,0.055130459636476316,Graded-test temporal holdout,vo2r,10-bin midpoint,
A3063.xlsx,0.03443914081145587,0.027848497225471096,0.02840202828109163,0.028013902289025432,Graded-test temporal holdout,vo2r,10-bin midpoint,
A3066.xlsx,0.04166666666666667,0.0323235402896176,0.029004106283222683,0.032217653628043845,Graded-test temporal holdout,vo2r,10-bin midpoint,
A3071.xlsx,0.07170038535645476,0.051533460225388954,0.05351475505998806,0.04491725768321519,Graded-test temporal holdout,vo2r,10-bin midpoint,
A3072.xlsx,0.11350767754318618,0.09031041126751208,0.09315194094603801,0.08332581800774114,Graded-test temporal holdout,vo2r,10-bin midpoint,
A4000.xlsx,0.0473070017953321,0.04288426599346183,0.03770489051708843,0.04738695939021899,Graded-test temporal holdout,vo2r,10-bin midpoint,
A4001.xlsx,0.03976503385105536,0.023226900856755075,0.018938391302845636,0.02257725581907692,Graded-test temporal holdout,vo2r,10-bin midpoint,
A530.xlsx,0.09942996742671012,0.08004054667382302,0.08357399017187464,0.07156353716666289,Graded-test temporal holdout,vo2r,10-bin midpoint,
A531.xlsx,0.05448966408268736,0.041646049850605986,0.04998184875176887,0.036879356265386326,Graded-test temporal holdout,vo2r,10-bin midpoint,
A535.xlsx,0.18049040511727085,0.15190715288714807,0.15263647500138514,0.1449880788559735,Graded-test temporal holdout,vo2r,10-bin midpoint,
A536.xlsx,0.016777408637873803,0.021442092258653657,0.0179010400914716,0.02941534522435054,Graded-test temporal holdout,vo2r,10-bin midpoint,
A538.xlsx,0.04580386610089582,0.035849980500828035,0.040154620665586824,0.033081043666676725,Graded-test temporal holdout,vo2r,10-bin midpoint,
A543.xlsx,0.02738413547237077,0.02507039676424947,0.01971647454760382,0.026929969279781522,Graded-test temporal holdout,vo2r,10-bin midpoint,
A547.xlsx,0.04725585149313961,0.06536165205681119,0.06146929533902819,0.07133555429624663,Graded-test temporal holdout,vo2r,10-bin midpoint,
A577.xlsx,0.08637049613280519,0.06682343781282146,0.07130779559690541,0.058277509529180344,Graded-test temporal holdout,vo2r,10-bin midpoint,
A582.xlsx,0.056112984822934274,0.07168252286168006,0.06512616134554279,0.07903550683904816,Graded-test temporal holdout,vo2r,10-bin midpoint,
A600.xlsx,0.019292389853137526,0.02003528885164998,0.01535217348298049,0.02852771386277046,Graded-test temporal holdout,vo2r,10-bin midpoint,
A1085.xlsx,0.125,0.10748247597150698,0.10686020462138601,0.09815307328605205,Graded-test temporal holdout,load_fraction,10-bin midpoint,
A1086.xlsx,0.06250000000000003,0.047067895498708524,0.04568800730950045,0.03735224586288422,Graded-test temporal holdout,load_fraction,10-bin midpoint,
A1088.xlsx,0.05,0.057388343467799786,0.058696359694149866,0.060097939885173916,Graded-test temporal holdout,load_fraction,10-bin midpoint,
A1096.xlsx,0.05000000000000002,0.03498497940414883,0.033453567847123326,0.02553191489361708,Graded-test temporal holdout,load_fraction,10-bin midpoint,
A1106.xlsx,0.05476190476190479,0.04292625578378413,0.04268126611333771,0.037149611617696754,Graded-test temporal holdout,load_fraction,10-bin midpoint,
A1108.xlsx,0.050000000000000024,0.034508312083645624,0.03348274879452827,0.02475515028706524,Graded-test temporal holdout,load_fraction,10-bin midpoint,
A1116.xlsx,0.03522727272727272,0.03250751029792556,0.034437591542847125,0.04083387062110458,Graded-test temporal holdout,load_fraction,10-bin midpoint,
A1117.xlsx,0.056730769230769244,0.04611887420037939,0.04485078684228377,0.0410642844153483,Graded-test temporal holdout,load_fraction,10-bin midpoint,
A1120.xlsx,0.023015873015872997,0.03978026326794506,0.039790818354327094,0.05006754474839574,Graded-test temporal holdout,load_fraction,10-bin midpoint,
A202.xlsx,0.08173076923076922,0.06415581845855195,0.0634379241561698,0.05562943262411355,Graded-test temporal holdout,load_fraction,10-bin midpoint,
A203.xlsx,0.06923076923076923,0.05820179029493907,0.057085226304660876,0.05270276413893441,Graded-test temporal holdout,load_fraction,10-bin midpoint,
A204.xlsx,0.06923076923076923,0.05820179029493907,0.057085226304660876,0.05270276413893441,Graded-test temporal holdout,load_fraction,10-bin midpoint,
A205.xlsx,0.03253968253968255,0.03309738389464541,0.03367284485549288,0.035123269165822334,Graded-test temporal holdout,load_fraction,10-bin midpoint,
A207.xlsx,0.10714285714285714,0.08974449994448992,0.08941161490825221,0.08073286052009461,Graded-test temporal holdout,load_fraction,10-bin midpoint,
A208.xlsx,0.09571428571428578,0.08203393361584359,0.08141489784149289,0.07342114150624798,Graded-test temporal holdout,load_fraction,10-bin midpoint,
A220.xlsx,0.07424242424242428,0.05996888614513364,0.05997935043751309,0.054182486806600316,Graded-test temporal holdout,load_fraction,10-bin midpoint,
A221.xlsx,0.05000000000000002,0.03498497940414883,0.033453567847123326,0.02553191489361708,Graded-test temporal holdout,load_fraction,10-bin midpoint,
A226.xlsx,0.08333333333333337,0.06784164541697897,0.06681608212786162,0.05808848362039859,Graded-test temporal holdout,load_fraction,10-bin midpoint,
A232.xlsx,0.04629629629629633,0.04110777320092198,0.04231996014346138,0.03900709219858158,Graded-test temporal holdout,load_fraction,10-bin midpoint,
A236.xlsx,0.05000000000000002,0.04499499313471629,0.0468132735485254,0.04184397163120569,Graded-test temporal holdout,load_fraction,10-bin midpoint,
A237.xlsx,0.05000000000000002,0.03498497940414883,0.033453567847123326,0.02553191489361708,Graded-test temporal holdout,load_fraction,10-bin midpoint,
A238.xlsx,0.05000000000000002,0.03498497940414883,0.033453567847123326,0.02553191489361708,Graded-test temporal holdout,load_fraction,10-bin midpoint,
A239.xlsx,0.03157894736842108,0.03560337071004626,0.033840990711793396,0.04085013064576331,Graded-test temporal holdout,load_fraction,10-bin midpoint,
A240.xlsx,0.050000000000000024,0.038321650647671325,0.03790680308092403,0.030969267139479957,Graded-test temporal holdout,load_fraction,10-bin midpoint,
A241.xlsx,0.08030303030303033,0.06380504471005805,0.06255363280162587,0.056618191369964474,Graded-test temporal holdout,load_fraction,10-bin midpoint,
A246.xlsx,0.04523809523809521,0.06597312367998494,0.06775525141118907,0.07708544410672062,Graded-test temporal holdout,load_fraction,10-bin midpoint,
A251.xlsx,0.11190476190476195,0.09545973934740114,0.09478051518472361,0.0851063829787235,Graded-test temporal holdout,load_fraction,10-bin midpoint,
A274.xlsx,0.06704545454545452,0.07997505561410415,0.08226408401021679,0.08811519449817315,Graded-test temporal holdout,load_fraction,10-bin midpoint,
A275.xlsx,0.03518518518518518,0.0502039145701354,0.05066587565421787,0.061006041502495334,Graded-test temporal holdout,load_fraction,10-bin midpoint,
A294.xlsx,0.05000000000000002,0.03498497940414883,0.033453567847123326,0.02553191489361708,Graded-test temporal holdout,load_fraction,10-bin midpoint,
A295.xlsx,0.08333333333333337,0.06784164541697897,0.06681608212786162,0.05808848362039859,Graded-test temporal holdout,load_fraction,10-bin midpoint,
A3000.xlsx,0.039743589743589734,0.049774709748235474,0.050891434218607715,0.05737406801236587,Graded-test temporal holdout,load_fraction,10-bin midpoint,
A3001.xlsx,0.0711111111111111,0.07893560586547443,0.08100926597087243,0.08587470449172568,Graded-test temporal holdout,load_fraction,10-bin midpoint,
A3002.xlsx,0.05317460317460318,0.04738150869931726,0.04821447795681297,0.0473469923824534,Graded-test temporal holdout,load_fraction,10-bin midpoint,
A3003.xlsx,0.050000000000000024,0.034508312083645624,0.03348274879452827,0.02475515028706524,Graded-test temporal holdout,load_fraction,10-bin midpoint,
A3005.xlsx,0.052857142857142866,0.039562416213917886,0.03910931946626611,0.034152313407632584,Graded-test temporal holdout,load_fraction,10-bin midpoint,
A3008.xlsx,0.029545454545454555,0.041423628806518266,0.04270789404346515,0.053641467870191216,Graded-test temporal holdout,load_fraction,10-bin midpoint,
A3009.xlsx,0.029230769230769227,0.031112911624150467,0.031081133594786488,0.03505182760501908,Graded-test temporal holdout,load_fraction,10-bin midpoint,
A3010.xlsx,0.050000000000000024,0.04308832385270343,0.041607138063133445,0.03679500168861876,Graded-test temporal holdout,load_fraction,10-bin midpoint,
A3011.xlsx,0.04999999999999999,0.06310835131383831,0.06233833278154942,0.06941911516379598,Graded-test temporal holdout,load_fraction,10-bin midpoint,
A3012.xlsx,0.10000000000000003,0.0827605319084672,0.0828134952907405,0.07190701339637517,Graded-test temporal holdout,load_fraction,10-bin midpoint,
A3013.xlsx,0.06515151515151518,0.04953286152065004,0.048193661178157446,0.0408016333548249,Graded-test temporal holdout,load_fraction,10-bin midpoint,
A3014.xlsx,0.024074074074074053,0.045578920926879575,0.046408616060374185,0.058018124507486134,Graded-test temporal holdout,load_fraction,10-bin midpoint,
A3018.xlsx,0.05000000000000003,0.03832165064767133,0.038572160490300496,0.030969267139479957,Graded-test temporal holdout,load_fraction,10-bin midpoint,
A3019.xlsx,0.07500000000000002,0.05915081159326822,0.05792244677187757,0.049172576832151364,Graded-test temporal holdout,load_fraction,10-bin midpoint,
A3020.xlsx,0.038888888888888876,0.05427465073402033,0.053878797931471004,0.06297609666403987,Graded-test temporal holdout,load_fraction,10-bin midpoint,
A3022.xlsx,0.06794871794871793,0.058845597527789,0.06008262909946452,0.0571467539552646,Graded-test temporal holdout,load_fraction,10-bin midpoint,
A3023.xlsx,0.03831168831168832,0.03287854945663149,0.03429584905699438,0.03684259003407934,Graded-test temporal holdout,load_fraction,10-bin midpoint,
A3024.xlsx,0.06699346405228762,0.060027672873278384,0.0608109528725019,0.055366275745917,Graded-test temporal holdout,load_fraction,10-bin midpoint,
A3027.xlsx,0.06285714285714288,0.05256542033308811,0.051021355337150874,0.04707868963188118,Graded-test temporal holdout,load_fraction,10-bin midpoint,
A3031.xlsx,0.02272727272727272,0.020424594203365877,0.022203152080470016,0.029013539651837443,Graded-test temporal holdout,load_fraction,10-bin midpoint,
A3032.xlsx,0.03701298701298701,0.04635653509352976,0.04772843750908695,0.05550950231801288,Graded-test temporal holdout,load_fraction,10-bin midpoint,
A3036.xlsx,0.0425925925925926,0.039445000762809296,0.0382079691911338,0.04084581034935645,Graded-test temporal holdout,load_fraction,10-bin midpoint,
A3037.xlsx,0.06615384615384615,0.049758215665606606,0.04816943033722438,0.041612111292962425,Graded-test temporal holdout,load_fraction,10-bin midpoint,
A3039.xlsx,0.053333333333333365,0.04533199816925767,0.04395387220001935,0.0417730496453901,Graded-test temporal holdout,load_fraction,10-bin midpoint,
A3041.xlsx,0.052000000000000005,0.0706853589637259,0.0713491150705216,0.07973049645390066,Graded-test temporal holdout,load_fraction,10-bin midpoint,
A3043.xlsx,0.045454545454545456,0.06558946099563764,0.06717677296821936,0.07728212980872548,Graded-test temporal holdout,load_fraction,10-bin midpoint,
A3045.xlsx,0.0568181818181818,0.07767237709019734,0.07941121243059648,0.08910246077799264,Graded-test temporal holdout,load_fraction,10-bin midpoint,
A3049.xlsx,0.0681818181818182,0.052072902363992264,0.05120348469379269,0.04910810229959169,Graded-test temporal holdout,load_fraction,10-bin midpoint,
A3051.xlsx,0.050000000000000024,0.03610091194108871,0.03464848821881878,0.031258208563173136,Graded-test temporal holdout,load_fraction,10-bin midpoint,
A3052.xlsx,0.05740740740740743,0.04573276684417778,0.045523545518709546,0.041765169424743925,Graded-test temporal holdout,load_fraction,10-bin midpoint,
A3053.xlsx,0.050000000000000024,0.034508312083645624,0.03348274879452827,0.02475515028706524,Graded-test temporal holdout,load_fraction,10-bin midpoint,
A3056.xlsx,0.052857142857142866,0.04289908745744035,0.04123380376724918,0.038230327592029746,Graded-test temporal holdout,load_fraction,10-bin midpoint,
A3057.xlsx,0.1306818181818182,0.11191304243700423,0.11174534119033555,0.10179588437567166,Graded-test temporal holdout,load_fraction,10-bin midpoint,
A3058.xlsx,0.057954545454545495,0.05178322370171857,0.0507225601269966,0.05552197506984743,Graded-test temporal holdout,load_fraction,10-bin midpoint,
A3059.xlsx,0.03977272727272726,0.05918836308289614,0.06062415168766045,0.0703712658499892,Graded-test temporal holdout,load_fraction,10-bin midpoint,
A3060.xlsx,0.10555555555555557,0.08720386371618191,0.08664456280205932,0.07873653795639617,Graded-test temporal holdout,load_fraction,10-bin midpoint,
A3062.xlsx,0.02500000000000001,0.030204831774018746,0.031584719963226836,0.04182113690092406,Graded-test temporal holdout,load_fraction,10-bin midpoint,
A3063.xlsx,0.040000000000000015,0.035876134155040776,0.03430029112973955,0.03603382433169669,Graded-test temporal holdout,load_fraction,10-bin midpoint,
A3066.xlsx,0.02272727272727272,0.020424594203365877,0.022203152080470016,0.029013539651837443,Graded-test temporal holdout,load_fraction,10-bin midpoint,
A3071.xlsx,0.07916666666666669,0.06415581845855192,0.06343792415616978,0.058510638297872376,Graded-test temporal holdout,load_fraction,10-bin midpoint,
A3072.xlsx,0.0931818181818182,0.07566429415332515,0.07504202280320421,0.06633489146787025,Graded-test temporal holdout,load_fraction,10-bin midpoint,
A4000.xlsx,0.027777777777777783,0.02944982218863807,0.028550528555364538,0.034410296821644315,Graded-test temporal holdout,load_fraction,10-bin midpoint,
A4001.xlsx,0.03000000000000001,0.03945612713010646,0.04038847490414658,0.046183346467034384,Graded-test temporal holdout,load_fraction,10-bin midpoint,
A530.xlsx,0.08068181818181822,0.06358137805876549,0.06280758334082712,0.056415215989684124,Graded-test temporal holdout,load_fraction,10-bin midpoint,
A531.xlsx,0.061111111111111144,0.04684128180291955,0.04550487171469965,0.041239821381665404,Graded-test temporal holdout,load_fraction,10-bin midpoint,
A535.xlsx,0.1547619047619048,0.13688688024303433,0.13672716477001656,0.12757514353259042,Graded-test temporal holdout,load_fraction,10-bin midpoint,
A536.xlsx,0.02236842105263162,0.02352045461548658,0.021606551249416288,0.02902979967649618,Graded-test temporal holdout,load_fraction,10-bin midpoint,
A538.xlsx,0.029365079365079354,0.038502792489100025,0.03862263094949486,0.04398851739277266,Graded-test temporal holdout,load_fraction,10-bin midpoint,
A543.xlsx,0.05000000000000002,0.03498497940414883,0.033453567847123326,0.02553191489361708,Graded-test temporal holdout,load_fraction,10-bin midpoint,
A547.xlsx,0.05,0.06596835523685761,0.06682074896275506,0.07407970280310704,Graded-test temporal holdout,load_fraction,10-bin midpoint,
A577.xlsx,0.07222222222222224,0.06314277040395452,0.06199073701206675,0.060809035986340985,Graded-test temporal holdout,load_fraction,10-bin midpoint,
A582.xlsx,0.05568181818181815,0.056673342487044955,0.05890647046760137,0.06447453255963886,Graded-test temporal holdout,load_fraction,10-bin midpoint,
A600.xlsx,0.023015873015872997,0.03978026326794506,0.039790818354327094,0.05006754474839574,Graded-test temporal holdout,load_fraction,10-bin midpoint,
,0.10785559701482134,0.08799660564013322,0.08998299851526241,0.08272887306047934,ACTES external validation,vo2r,10-bin midpoint,1.0
,0.06797687267151295,0.05466726736684401,0.05651661254950229,0.050859352975999625,ACTES external validation,vo2r,10-bin midpoint,2.0
,0.10986258354375716,0.0920490171635249,0.1009126871543601,0.08705192017682242,ACTES external validation,vo2r,10-bin midpoint,3.0
,0.10677095745627763,0.08954621348531089,0.0991237294563167,0.08403440653000929,ACTES external validation,vo2r,10-bin midpoint,4.0
,0.0634118189138384,0.052294872471699366,0.06014337256636413,0.0488590807734792,ACTES external validation,vo2r,10-bin midpoint,5.0
,0.04001405170324979,0.03723525072936327,0.04201664437125817,0.03878130687600836,ACTES external validation,vo2r,10-bin midpoint,6.0
,0.08718755592560051,0.08120867620024652,0.07700020569637198,0.08103347891951665,ACTES external validation,vo2r,10-bin midpoint,7.0
,0.059352447913262475,0.04942293150240947,0.051686641581600495,0.04702976745004029,ACTES external validation,vo2r,10-bin midpoint,8.0
,0.06605519960253886,0.053918259346088175,0.05503634317222915,0.052419206865063565,ACTES external validation,vo2r,10-bin midpoint,9.0
,0.06669181164089513,0.055338856439393506,0.05982222094419844,0.051887242395718514,ACTES external validation,vo2r,10-bin midpoint,10.0
,0.06323706158006812,0.05110449303352885,0.058047137631819394,0.04828257735818913,ACTES external validation,vo2r,10-bin midpoint,11.0
,0.03909141357746079,0.04257082459183257,0.04398079293065092,0.045031873853832276,ACTES external validation,vo2r,10-bin midpoint,12.0
,0.0465448542016848,0.056621306463167174,0.048458182067590026,0.061565618572234714,ACTES external validation,vo2r,10-bin midpoint,13.0
,0.06000519655135141,0.0623819188095342,0.059883925105378565,0.0647686445961279,ACTES external validation,vo2r,10-bin midpoint,14.0
,0.06617082879177304,0.05073803436395569,0.052294357031642445,0.046571621917376745,ACTES external validation,vo2r,10-bin midpoint,15.0
,0.059254693014480116,0.04712917031884777,0.049388943573885895,0.04488405498964157,ACTES external validation,vo2r,10-bin midpoint,16.0
,0.14276081818604627,0.11792148953595108,0.1224600486993842,0.10958887667731929,ACTES external validation,vo2r,10-bin midpoint,17.0
,0.06609518382557487,0.054401334264215936,0.054594324494057364,0.05157986877409897,ACTES external validation,vo2r,10-bin midpoint,18.0
,0.14058823529411765,0.122852544299702,0.12284693538801268,0.1139870350758962,ACTES external validation,power_fraction,10-bin midpoint,1.0
,0.12030812324929975,0.10437715368463847,0.10413739677045065,0.09488050539364687,ACTES external validation,power_fraction,10-bin midpoint,2.0
,0.07959372772630079,0.06904694514351449,0.06728950771877895,0.06299798304544975,ACTES external validation,power_fraction,10-bin midpoint,3.0
,0.06954602774274903,0.07400918201293082,0.0727858295526653,0.07612197084351484,ACTES external validation,power_fraction,10-bin midpoint,4.0
,0.08291245791245794,0.07072111080755954,0.06859902399732334,0.06480586001862601,ACTES external validation,power_fraction,10-bin midpoint,5.0
,0.08395380130074008,0.06800904123247005,0.06591781909276861,0.06160741126003831,ACTES external validation,power_fraction,10-bin midpoint,6.0
,0.1451783992285439,0.12388754148263463,0.12320379790334028,0.11358175405960552,ACTES external validation,power_fraction,10-bin midpoint,7.0
,0.09229691876750701,0.0766244099271692,0.07517049912964696,0.06950155948904388,ACTES external validation,power_fraction,10-bin midpoint,8.0
,0.15027418723070896,0.13227163894214986,0.1318584689551589,0.12374979049354634,ACTES external validation,power_fraction,10-bin midpoint,9.0
,0.08666666666666667,0.07214503001209245,0.07162045776297384,0.06570212765957452,ACTES external validation,power_fraction,10-bin midpoint,10.0
,0.12893750000000004,0.11949472038083138,0.11723989381029734,0.11417774822695038,ACTES external validation,power_fraction,10-bin midpoint,11.0
,0.05651639344262294,0.051594803358427276,0.05012252779272825,0.04770335167745354,ACTES external validation,power_fraction,10-bin midpoint,12.0
,0.039462809917355374,0.03441830141630705,0.0347977109369427,0.036242502393372775,ACTES external validation,power_fraction,10-bin midpoint,13.0
,0.07078960519740131,0.05873235049088378,0.05700923811712974,0.05245072499211391,ACTES external validation,power_fraction,10-bin midpoint,14.0
,0.05100488084984209,0.04227245059017344,0.04045090322148773,0.03964341492517865,ACTES external validation,power_fraction,10-bin midpoint,15.0
,0.12129446640316206,0.10553143214675537,0.10457642393431878,0.09692671394799059,ACTES external validation,power_fraction,10-bin midpoint,16.0
,0.21461461461461462,0.19212297882494453,0.19097901300264344,0.18022839624494474,ACTES external validation,power_fraction,10-bin midpoint,17.0
,0.14,0.1209404904542352,0.11958049145196474,0.11145941686367225,ACTES external validation,power_fraction,10-bin midpoint,18.0
