hrr,raw_identity,cycling_transfer
0.0,0.0,0.0
0.002,0.002,0.0018912529550827422
0.004,0.004,0.0037825059101654845
0.006,0.006,0.0056737588652482265
0.008,0.008,0.007565011820330969
0.01,0.01,0.009456264775413711
0.012,0.012,0.011347517730496453
0.014,0.014,0.013238770685579195
0.016,0.016,0.015130023640661938
0.018000000000000002,0.018000000000000002,0.01702127659574468
0.02,0.02,0.018912529550827423
0.022,0.022,0.02080378250591016
0.024,0.024,0.022695035460992906
0.026000000000000002,0.026000000000000002,0.02458628841607565
0.028,0.028,0.02647754137115839
0.03,0.03,0.02836879432624113
0.032,0.032,0.030260047281323876
0.034,0.034,0.03215130023640662
0.036000000000000004,0.036000000000000004,0.03404255319148936
0.038,0.038,0.0359338061465721
0.04,0.04,0.037825059101654845
0.042,0.042,0.03971631205673759
0.044,0.044,0.04160756501182032
0.046,0.046,0.04349881796690307
0.048,0.048,0.04539007092198581
0.05,0.05,0.04728132387706856
0.052000000000000005,0.052000000000000005,0.0491725768321513
0.054,0.054,0.05106382978723404
0.056,0.056,0.05295508274231678
0.058,0.058,0.05484633569739952
0.06,0.06,0.05673758865248226
0.062,0.062,0.058628841607565006
0.064,0.064,0.06052009456264775
0.066,0.066,0.062411347517730496
0.068,0.068,0.06430260047281323
0.07,0.07,0.06619385342789598
0.07200000000000001,0.07200000000000001,0.06808510638297872
0.074,0.074,0.06997635933806146
0.076,0.076,0.0718676122931442
0.078,0.078,0.07375886524822695
0.08,0.08,0.07565011820330969
0.082,0.082,0.07754137115839244
0.084,0.084,0.07943262411347518
0.08600000000000001,0.08600000000000001,0.08132387706855791
0.088,0.088,0.08321513002364064
0.09,0.09,0.08510638297872339
0.092,0.092,0.08699763593380613
0.094,0.094,0.08888888888888888
0.096,0.096,0.09078014184397162
0.098,0.098,0.09267139479905437
0.1,0.1,0.09456264775413711
0.10200000000000001,0.10200000000000001,0.09645390070921986
0.10400000000000001,0.10400000000000001,0.0983451536643026
0.106,0.106,0.10023640661938533
0.108,0.108,0.10212765957446808
0.11,0.11,0.10401891252955081
0.112,0.112,0.10591016548463356
0.114,0.114,0.1078014184397163
0.116,0.116,0.10969267139479905
0.11800000000000001,0.11800000000000001,0.11158392434988179
0.12,0.12,0.11347517730496452
0.122,0.122,0.11536643026004727
0.124,0.124,0.11725768321513001
0.126,0.126,0.11914893617021276
0.128,0.128,0.1210401891252955
0.13,0.13,0.12293144208037825
0.132,0.132,0.12482269503546099
0.134,0.134,0.12671394799054372
0.136,0.136,0.12860520094562647
0.138,0.138,0.13049645390070921
0.14,0.14,0.13238770685579196
0.14200000000000002,0.14200000000000002,0.1342789598108747
0.14400000000000002,0.14400000000000002,0.13617021276595745
0.146,0.146,0.13806146572104017
0.148,0.148,0.1399527186761229
0.15,0.15,0.14184397163120566
0.152,0.152,0.1437352245862884
0.154,0.154,0.14562647754137115
0.156,0.156,0.1475177304964539
0.158,0.158,0.14940898345153664
0.16,0.16,0.15130023640661938
0.162,0.162,0.15319148936170213
0.164,0.164,0.15508274231678487
0.166,0.166,0.15697399527186762
0.168,0.168,0.15886524822695036
0.17,0.17,0.16075650118203308
0.17200000000000001,0.17200000000000001,0.16264775413711582
0.17400000000000002,0.17400000000000002,0.16453900709219857
0.176,0.176,0.1664302600472813
0.178,0.178,0.16832151300236403
0.18,0.18,0.17021276595744678
0.182,0.182,0.17210401891252952
0.184,0.184,0.17399527186761227
0.186,0.186,0.175886524822695
0.188,0.188,0.17777777777777776
0.19,0.19,0.1796690307328605
0.192,0.192,0.18156028368794325
0.194,0.194,0.183451536643026
0.196,0.196,0.18534278959810874
0.198,0.198,0.18723404255319148
0.2,0.2,0.18912529550827423
0.202,0.202,0.19101654846335697
0.20400000000000001,0.20400000000000001,0.19290780141843972
0.20600000000000002,0.20600000000000002,0.19479905437352246
0.20800000000000002,0.20800000000000002,0.1966903073286052
0.21,0.21,0.19858156028368792
0.212,0.212,0.20047281323877067
0.214,0.214,0.20236406619385341
0.216,0.216,0.20425531914893616
0.218,0.218,0.2061465721040189
0.22,0.22,0.20803782505910162
0.222,0.222,0.20992907801418437
0.224,0.224,0.2118203309692671
0.226,0.226,0.21371158392434986
0.228,0.228,0.2156028368794326
0.23,0.23,0.21749408983451535
0.232,0.232,0.2193853427895981
0.234,0.234,0.22127659574468084
0.23600000000000002,0.23600000000000002,0.22316784869976358
0.23800000000000002,0.23800000000000002,0.22505910165484633
0.24,0.24,0.22695035460992904
0.242,0.242,0.2288416075650118
0.244,0.244,0.23073286052009453
0.246,0.246,0.23262411347517728
0.248,0.248,0.23451536643026002
0.25,0.25,0.23640661938534277
0.252,0.252,0.23829787234042552
0.254,0.254,0.24018912529550826
0.256,0.256,0.242080378250591
0.258,0.258,0.24397163120567375
0.26,0.26,0.2458628841607565
0.262,0.262,0.24775413711583924
0.264,0.264,0.24964539007092199
0.266,0.266,0.2515366430260047
0.268,0.268,0.25342789598108745
0.27,0.27,0.2553191489361702
0.272,0.272,0.25721040189125294
0.274,0.274,0.2591016548463357
0.276,0.276,0.26099290780141843
0.278,0.278,0.2628841607565012
0.28,0.28,0.2647754137115839
0.28200000000000003,0.28200000000000003,0.26666666666666666
0.28400000000000003,0.28400000000000003,0.2685579196217494
0.28600000000000003,0.28600000000000003,0.27044917257683215
0.28800000000000003,0.28800000000000003,0.2723404255319149
0.29,0.29,0.2742316784869976
0.292,0.292,0.27612293144208033
0.294,0.294,0.2780141843971631
0.296,0.296,0.2799054373522458
0.298,0.298,0.28179669030732857
0.3,0.3,0.2836879432624113
0.302,0.302,0.28557919621749406
0.304,0.304,0.2874704491725768
0.306,0.306,0.28936170212765955
0.308,0.308,0.2912529550827423
0.31,0.31,0.29314420803782504
0.312,0.312,0.2950354609929078
0.314,0.314,0.29692671394799053
0.316,0.316,0.2988179669030733
0.318,0.318,0.300709219858156
0.32,0.32,0.30260047281323876
0.322,0.322,0.3044917257683215
0.324,0.324,0.30638297872340425
0.326,0.326,0.308274231678487
0.328,0.328,0.31016548463356974
0.33,0.33,0.3120567375886525
0.332,0.332,0.31394799054373523
0.334,0.334,0.315839243498818
0.336,0.336,0.3177304964539007
0.338,0.338,0.3196217494089834
0.34,0.34,0.32151300236406616
0.342,0.342,0.3234042553191489
0.34400000000000003,0.34400000000000003,0.32529550827423165
0.34600000000000003,0.34600000000000003,0.3271867612293144
0.34800000000000003,0.34800000000000003,0.32907801418439714
0.35000000000000003,0.35000000000000003,0.3309692671394799
0.352,0.352,0.3328605200945626
0.354,0.354,0.3347517730496453
0.356,0.356,0.33664302600472806
0.358,0.358,0.3385342789598108
0.36,0.36,0.34042553191489355
0.362,0.362,0.3423167848699763
0.364,0.364,0.34420803782505904
0.366,0.366,0.3460992907801418
0.368,0.368,0.34799054373522453
0.37,0.37,0.3498817966903073
0.372,0.372,0.35177304964539
0.374,0.374,0.35366430260047277
0.376,0.376,0.3555555555555555
0.378,0.378,0.35744680851063826
0.38,0.38,0.359338061465721
0.382,0.382,0.36122931442080375
0.384,0.384,0.3631205673758865
0.386,0.386,0.36501182033096924
0.388,0.388,0.366903073286052
0.39,0.39,0.36879432624113473
0.392,0.392,0.3706855791962175
0.394,0.394,0.3725768321513002
0.396,0.396,0.37446808510638296
0.398,0.398,0.3763593380614657
0.4,0.4,0.37825059101654845
0.402,0.402,0.3801418439716312
0.404,0.404,0.38203309692671394
0.406,0.406,0.3839243498817967
0.40800000000000003,0.40800000000000003,0.38581560283687943
0.41000000000000003,0.41000000000000003,0.3877068557919622
0.41200000000000003,0.41200000000000003,0.3895981087470449
0.41400000000000003,0.41400000000000003,0.39148936170212767
0.41600000000000004,0.41600000000000004,0.3933806146572104
0.418,0.418,0.3952718676122931
0.42,0.42,0.39716312056737585
0.422,0.422,0.3990543735224586
0.424,0.424,0.40094562647754134
0.426,0.426,0.4028368794326241
0.428,0.428,0.40472813238770683
0.43,0.43,0.4066193853427896
0.432,0.432,0.4085106382978723
0.434,0.434,0.41040189125295506
0.436,0.436,0.4122931442080378
0.438,0.438,0.4141843971631205
0.44,0.44,0.41607565011820324
0.442,0.442,0.417966903073286
0.444,0.444,0.41985815602836873
0.446,0.446,0.4217494089834515
0.448,0.448,0.4236406619385342
0.45,0.45,0.42553191489361697
0.452,0.452,0.4274231678486997
0.454,0.454,0.42931442080378246
0.456,0.456,0.4312056737588652
0.458,0.458,0.43309692671394795
0.46,0.46,0.4349881796690307
0.462,0.462,0.43687943262411344
0.464,0.464,0.4387706855791962
0.466,0.466,0.44066193853427893
0.468,0.468,0.4425531914893617
0.47000000000000003,0.47000000000000003,0.4444444444444444
0.47200000000000003,0.47200000000000003,0.44633569739952716
0.47400000000000003,0.47400000000000003,0.4482269503546099
0.47600000000000003,0.47600000000000003,0.45011820330969265
0.47800000000000004,0.47800000000000004,0.4520094562647754
0.48,0.48,0.4539007092198581
0.482,0.482,0.45579196217494083
0.484,0.484,0.4576832151300236
0.486,0.486,0.4595744680851063
0.488,0.488,0.46146572104018907
0.49,0.49,0.4633569739952718
0.492,0.492,0.46524822695035456
0.494,0.494,0.4671394799054373
0.496,0.496,0.46903073286052005
0.498,0.498,0.4709219858156028
0.5,0.5,0.47281323877068554
0.502,0.502,0.4747044917257683
0.504,0.504,0.47659574468085103
0.506,0.506,0.4784869976359338
0.508,0.508,0.4803782505910165
0.51,0.51,0.48226950354609927
0.512,0.512,0.484160756501182
0.514,0.514,0.48605200945626476
0.516,0.516,0.4879432624113475
0.518,0.518,0.48983451536643025
0.52,0.52,0.491725768321513
0.522,0.522,0.49361702127659574
0.524,0.524,0.4955082742316785
0.526,0.526,0.4973995271867612
0.528,0.528,0.49929078014184397
0.53,0.53,0.5011820330969267
0.532,0.532,0.5030732860520094
0.534,0.534,0.5049645390070922
0.536,0.536,0.5068557919621749
0.538,0.538,0.5087470449172576
0.54,0.54,0.5106382978723404
0.542,0.542,0.5125295508274231
0.544,0.544,0.5144208037825059
0.546,0.546,0.5163120567375886
0.548,0.548,0.5182033096926714
0.55,0.55,0.5200945626477541
0.552,0.552,0.5219858156028369
0.554,0.554,0.5238770685579196
0.556,0.556,0.5257683215130023
0.558,0.558,0.5276595744680851
0.56,0.56,0.5295508274231678
0.562,0.562,0.5314420803782506
0.5640000000000001,0.5640000000000001,0.5333333333333333
0.5660000000000001,0.5660000000000001,0.5352245862884161
0.5680000000000001,0.5680000000000001,0.5371158392434988
0.5700000000000001,0.5700000000000001,0.5390070921985816
0.5720000000000001,0.5720000000000001,0.5408983451536643
0.5740000000000001,0.5740000000000001,0.542789598108747
0.5760000000000001,0.5760000000000001,0.5446808510638298
0.578,0.578,0.5465721040189124
0.58,0.58,0.5484633569739952
0.582,0.582,0.5503546099290779
0.584,0.584,0.5522458628841607
0.586,0.586,0.5541371158392434
0.588,0.588,0.5560283687943262
0.59,0.59,0.5579196217494089
0.592,0.592,0.5598108747044916
0.594,0.594,0.5617021276595744
0.596,0.596,0.5635933806146571
0.598,0.598,0.5654846335697399
0.6,0.6,0.5673758865248226
0.602,0.602,0.5692671394799054
0.604,0.604,0.5711583924349881
0.606,0.606,0.5730496453900709
0.608,0.608,0.5749408983451536
0.61,0.61,0.5768321513002364
0.612,0.612,0.5787234042553191
0.614,0.614,0.5806146572104018
0.616,0.616,0.5825059101654846
0.618,0.618,0.5843971631205673
0.62,0.62,0.5862884160756501
0.622,0.622,0.5881796690307328
0.624,0.624,0.5900709219858156
0.626,0.626,0.5919621749408983
0.628,0.628,0.5938534278959811
0.63,0.63,0.5957446808510638
0.632,0.632,0.5976359338061465
0.634,0.634,0.5995271867612293
0.636,0.636,0.601418439716312
0.638,0.638,0.6033096926713948
0.64,0.64,0.6052009456264775
0.642,0.642,0.6070921985815603
0.644,0.644,0.608983451536643
0.646,0.646,0.6108747044917258
0.648,0.648,0.6127659574468085
0.65,0.65,0.6146572104018913
0.652,0.652,0.616548463356974
0.654,0.654,0.6184397163120567
0.656,0.656,0.6203309692671395
0.658,0.658,0.6222222222222222
0.66,0.66,0.624113475177305
0.662,0.662,0.6260047281323877
0.664,0.664,0.6278959810874705
0.666,0.666,0.6297872340425532
0.668,0.668,0.631678486997636
0.67,0.67,0.6335697399527187
0.672,0.672,0.6354609929078014
0.674,0.674,0.6373522458628842
0.676,0.676,0.6392434988179668
0.678,0.678,0.6411347517730496
0.68,0.68,0.6430260047281323
0.682,0.682,0.6449172576832151
0.684,0.684,0.6468085106382978
0.686,0.686,0.6486997635933806
0.6880000000000001,0.6880000000000001,0.6505910165484633
0.6900000000000001,0.6900000000000001,0.652482269503546
0.6920000000000001,0.6920000000000001,0.6543735224586288
0.6940000000000001,0.6940000000000001,0.6562647754137115
0.6960000000000001,0.6960000000000001,0.6581560283687943
0.6980000000000001,0.6980000000000001,0.660047281323877
0.7000000000000001,0.7000000000000001,0.6619385342789598
0.7020000000000001,0.7020000000000001,0.6638297872340425
0.704,0.704,0.6657210401891251
0.706,0.706,0.6676122931442079
0.708,0.708,0.6695035460992906
0.71,0.71,0.6713947990543734
0.712,0.712,0.6732860520094561
0.714,0.714,0.6751773049645389
0.716,0.716,0.6770685579196216
0.718,0.718,0.6789598108747044
0.72,0.72,0.6808510638297871
0.722,0.722,0.6827423167848699
0.724,0.724,0.6846335697399526
0.726,0.726,0.6865248226950353
0.728,0.728,0.6884160756501181
0.73,0.73,0.6903073286052008
0.732,0.732,0.6921985815602836
0.734,0.734,0.6940898345153663
0.736,0.736,0.6959810874704491
0.738,0.738,0.6978723404255318
0.74,0.74,0.6997635933806146
0.742,0.742,0.7016548463356973
0.744,0.744,0.70354609929078
0.746,0.746,0.7054373522458628
0.748,0.748,0.7073286052009455
0.75,0.75,0.7092198581560283
0.752,0.752,0.711111111111111
0.754,0.754,0.7130023640661938
0.756,0.756,0.7148936170212765
0.758,0.758,0.7167848699763593
0.76,0.76,0.718676122931442
0.762,0.762,0.7205673758865248
0.764,0.764,0.7224586288416075
0.766,0.766,0.7243498817966902
0.768,0.768,0.726241134751773
0.77,0.77,0.7281323877068557
0.772,0.772,0.7300236406619385
0.774,0.774,0.7319148936170212
0.776,0.776,0.733806146572104
0.778,0.778,0.7356973995271867
0.78,0.78,0.7375886524822695
0.782,0.782,0.7394799054373522
0.784,0.784,0.741371158392435
0.786,0.786,0.7432624113475177
0.788,0.788,0.7451536643026004
0.79,0.79,0.7470449172576832
0.792,0.792,0.7489361702127659
0.794,0.794,0.7508274231678487
0.796,0.796,0.7527186761229314
0.798,0.798,0.7546099290780142
0.8,0.8,0.7565011820330969
0.802,0.802,0.7583924349881797
0.804,0.804,0.7602836879432624
0.806,0.806,0.7621749408983451
0.808,0.808,0.7640661938534279
0.81,0.81,0.7659574468085106
0.812,0.812,0.7678486997635934
0.8140000000000001,0.8140000000000001,0.7697399527186761
0.8160000000000001,0.8160000000000001,0.7716312056737589
0.8180000000000001,0.8180000000000001,0.7735224586288416
0.8200000000000001,0.8200000000000001,0.7754137115839244
0.8220000000000001,0.8220000000000001,0.7773049645390071
0.8240000000000001,0.8240000000000001,0.7791962174940898
0.8260000000000001,0.8260000000000001,0.7810874704491726
0.8280000000000001,0.8280000000000001,0.7829787234042553
0.8300000000000001,0.8300000000000001,0.7848699763593381
0.8320000000000001,0.8320000000000001,0.7867612293144208
0.834,0.834,0.7886524822695035
0.836,0.836,0.7905437352245862
0.838,0.838,0.792434988179669
0.84,0.84,0.7943262411347517
0.842,0.842,0.7962174940898344
0.844,0.844,0.7981087470449172
0.846,0.846,0.7999999999999999
0.848,0.848,0.8018912529550827
0.85,0.85,0.8037825059101654
0.852,0.852,0.8056737588652482
0.854,0.854,0.8075650118203309
0.856,0.856,0.8094562647754137
0.858,0.858,0.8113475177304964
0.86,0.86,0.8132387706855791
0.862,0.862,0.8151300236406619
0.864,0.864,0.8170212765957446
0.866,0.866,0.8189125295508274
0.868,0.868,0.8208037825059101
0.87,0.87,0.8226950354609929
0.872,0.872,0.8245862884160756
0.874,0.874,0.8264775413711583
0.876,0.876,0.828368794326241
0.878,0.878,0.8302600472813237
0.88,0.88,0.8321513002364065
0.882,0.882,0.8340425531914892
0.884,0.884,0.835933806146572
0.886,0.886,0.8378250591016547
0.888,0.888,0.8397163120567375
0.89,0.89,0.8416075650118202
0.892,0.892,0.843498817966903
0.894,0.894,0.8453900709219857
0.896,0.896,0.8472813238770684
0.898,0.898,0.8491725768321512
0.9,0.9,0.8510638297872339
0.902,0.902,0.8529768321513002
0.904,0.904,0.8549333333333332
0.906,0.906,0.8569333333333332
0.908,0.908,0.8589768321513002
0.91,0.91,0.861063829787234
0.912,0.912,0.8631943262411348
0.914,0.914,0.8653683215130022
0.916,0.916,0.8675858156028369
0.918,0.918,0.8698468085106382
0.92,0.92,0.8721513002364065
0.922,0.922,0.8744992907801418
0.924,0.924,0.876890780141844
0.926,0.926,0.8793257683215129
0.928,0.928,0.8818042553191489
0.93,0.93,0.8843262411347518
0.932,0.932,0.8868917257683214
0.934,0.934,0.889500709219858
0.936,0.936,0.8921531914893617
0.9380000000000001,0.9380000000000001,0.8948491725768322
0.9400000000000001,0.9400000000000001,0.8975886524822695
0.9420000000000001,0.9420000000000001,0.9003716312056738
0.9440000000000001,0.9440000000000001,0.9031981087470449
0.9460000000000001,0.9460000000000001,0.906068085106383
0.9480000000000001,0.9480000000000001,0.9089815602836879
0.9500000000000001,0.9500000000000001,0.9119385342789598
0.9520000000000001,0.9520000000000001,0.9149390070921986
0.9540000000000001,0.9540000000000001,0.9179829787234043
0.9560000000000001,0.9560000000000001,0.9210704491725769
0.9580000000000001,0.9580000000000001,0.9242014184397163
0.96,0.96,0.9273758865248225
0.962,0.962,0.9305938534278958
0.964,0.964,0.9338553191489359
0.966,0.966,0.937160283687943
0.968,0.968,0.940508747044917
0.97,0.97,0.943900709219858
0.972,0.972,0.9473361702127658
0.974,0.974,0.9508151300236406
0.976,0.976,0.9543375886524822
0.978,0.978,0.9579035460992906
0.98,0.98,0.961513002364066
0.982,0.982,0.9651659574468083
0.984,0.984,0.9688624113475177
0.986,0.986,0.9726023640661937
0.988,0.988,0.9763858156028367
0.99,0.99,0.9802127659574468
0.992,0.992,0.9840832151300235
0.994,0.994,0.9879971631205673
0.996,0.996,0.9919546099290778
0.998,0.998,0.9959555555555555
1.0,1.0,0.9999999999999998
