participant,session_number,rpe,score_thrr_i,pred_thrr_i,pred_linear
p01,1,7.0,0.7400000504273526,5.737326992766839,5.8793636619013645
p01,2,6.0,0.7783076400811858,5.998637812601506,5.983542517597045
p01,3,6.0,0.7430874104068376,5.758387064012623,5.208976679072291
p01,4,8.0,0.766561074990064,5.918509968956423,5.7638131175644025
p01,6,6.0,0.763557023470568,5.898018176795166,5.723296206639334
p01,7,6.0,0.8936418122919818,6.785376612084807,6.606164091954048
p01,8,7.0,0.7605908908820275,5.8777850442631046,5.802188486535085
p01,9,6.0,0.7846823189895411,6.042121952083468,5.985808793479754
p01,10,6.0,0.7616432152904702,5.8849633542634745,5.839271509807176
p01,11,7.0,0.7959842385056781,6.1192166970453625,6.050374885841975
p01,12,6.0,0.7193909531133647,5.596744404203172,5.701329008585214
p01,13,6.0,0.8188048024580704,6.274884551101859,6.331071563389317
p01,14,7.0,0.8398144480122673,6.418199433447989,6.285362919317238
p01,15,6.0,0.7156330163909707,5.5711100707802315,5.376916808571549
p02,2,6.0,0.8095480442534856,6.2221698764732345,6.281686001239529
p02,8,6.0,0.6634041302074328,5.217974665667278,5.389827509249765
p02,12,7.0,0.8008400755353927,6.162335017528637,6.248468906167364
p02,15,6.0,0.7834831607116982,6.043070860316941,5.808664394343754
p02,23,6.0,0.719193249131044,5.601317115497384,5.664551418728203
p02,29,6.0,0.857491305713495,6.551601271976902,6.356030041768734
p02,30,7.0,0.7730619134182743,5.971463590927789,6.074444171181582
p03,1,7.0,0.9449684885693129,7.230016442806518,7.177235433584112
p04,2,8.0,0.7874575281264565,5.7664123165972905,5.110366203300819
p04,3,7.0,0.6984418157524874,5.051343557433452,5.322224109023467
p04,4,5.0,0.4152179074344719,2.776188269840422,3.334225401562478
p04,6,5.0,0.6872895367139095,4.961756605632605,5.36162983229766
p04,7,9.0,0.9187766795946876,6.821307235601455,6.744847128643713
p04,9,4.0,0.6069472406408286,4.3163619395764155,4.932715979918138
p04,13,7.0,0.768806252632094,5.616585459417896,5.8209644165676915
p04,15,7.0,0.8014699592742627,5.878975048350034,5.592136982815274
p04,18,8.0,0.8924834602505927,6.610092167728755,6.005495896887021
p04,22,6.0,0.6736026098059078,4.851808669702443,5.410987451840846
p04,23,8.0,0.8695477890605107,6.4258484932010465,5.1455094329509015
p04,24,7.0,0.6926472559435743,5.004795497748746,5.384176185523678
p04,29,4.0,0.5473954051806978,3.8379783379319763,4.481531723889127
p04,30,6.0,0.7104635642350583,5.1479150114066226,4.726163502084227
p04,32,6.0,0.7585887633840879,5.534507732199952,5.61168898790106
p04,33,8.0,0.7561541005389806,5.514949933995528,5.609698656750273
p04,35,6.0,0.7147098045932287,5.182025324553049,5.227256034461151
p04,36,8.0,0.7772361362284739,5.684303239149126,5.973673823680527
p04,37,5.0,0.6290894621622387,4.494231783519558,4.390977048544741
p04,39,7.0,0.717236541935739,5.2023227629272,5.652868776729196
p04,40,4.0,0.6487847808287811,4.65244550449787,5.287160526285701
p04,42,6.0,0.7305181210585547,5.30901451486408,5.691482599986342
p04,46,7.0,0.7260975079852859,5.273503454841713,5.677728682688762
p04,49,6.0,0.6896972523992426,4.981097935624971,5.20821224566861
p05,1,3.0,0.6793253437446743,5.6198557579910835,5.747543209629628
p05,3,6.0,0.5536133807131883,4.876393819277956,5.169820747623527
p05,4,4.0,0.6097499200750306,5.208385933474343,5.370399131163562
p06,1,6.0,0.9285240517312833,6.760092359635116,6.35699113671085
p06,2,6.0,0.9402616467985814,6.85016346224654,6.908949561404015
p06,3,6.0,0.7794985235301747,5.616511109356587,6.050443003221563
p06,4,5.0,0.7640404239227887,5.497889869832519,5.956985752772211
p06,5,7.0,0.8782797080028529,6.374530972173749,5.987636008045022
p06,7,5.0,0.7323775604702646,5.2549176931087285,5.693795548488391
p06,8,8.0,0.8323406187693894,6.022006933263008,5.6013667755514955
p06,9,3.0,0.6764640904789109,4.825852977204252,5.0222698352618
p06,10,6.0,0.758346983991591,5.454199964931672,5.948176468127974
p06,11,5.0,0.8607608583214935,6.240096098740422,5.968386670796527
p06,12,9.0,0.8872451803509221,6.443329561253779,6.0451372334155264
p06,13,9.0,0.9112211586986265,6.627314678612448,6.676342694645592
p06,14,5.0,0.7838233487995953,5.6496986386916,5.934379345697251
p06,15,4.0,0.9087586248075377,6.608417865294502,6.221843626379379
p06,16,3.0,0.7474955937943867,5.370929356742768,5.671750216874624
p06,17,5.0,0.731368088870937,5.247171283432382,5.4109587800466095
p06,18,3.0,0.45039924835273365,3.091093047658511,4.602759528391005
p06,19,4.0,0.6445329827650366,4.580822367194046,5.481467655957807
p06,20,7.0,0.7845577922269118,5.655334557201723,5.984553776109078
p06,21,3.0,0.6305164635427922,4.473263422292363,5.373805282983661
p06,22,7.0,0.7455281104603279,5.355831426353091,6.011983316711148
p06,23,6.0,0.8875723332454762,6.445840043321533,5.828644135972412
p06,24,3.0,0.7715877613574461,5.555806078444455,5.712325189937181
p06,25,4.0,0.5342685543632235,3.7346832230144873,4.837910818034296
p06,26,4.0,0.5509070137154009,3.8623622212260833,5.05103898616472
p06,27,4.0,0.8125265995048776,5.869959554555011,5.786753533157581
p06,28,6.0,0.8372281422580546,6.05951245523231,6.103730320092708
p06,29,8.0,0.8748487569290695,6.348202789573335,6.45881462891933
p07,5,8.0,0.8270698109822198,6.178890443142645,6.104989144684216
p07,6,4.0,0.7319758862835937,5.513358229199564,5.882796962627978
p07,7,7.0,0.8974571438846835,6.671509058354792,6.024715292476295
p07,8,7.0,0.8572429858947166,6.390062923033949,5.557747341444134
p07,10,4.0,0.7903531524316354,5.921922196945992,5.770502592779918
p07,12,8.0,0.9388613724167171,6.961284119893794,6.5921845746850884
p07,13,4.0,0.8034557933985056,6.013623424745967,6.038864793436362
p07,14,7.0,0.8901984096838503,6.620707480247513,5.880879999004932
p07,15,3.0,0.834285411735294,6.229390143931545,5.4444926966260985
p07,16,3.0,0.6782895847833326,5.137624834988308,5.628827161512058
p07,17,6.0,0.8880797045776997,6.605879335290222,5.9744429688724345
p07,18,4.0,0.6899874222918738,5.219494289005262,5.4557930704288315
p07,19,7.0,0.8834543603559568,6.5735080183012435,5.7262666546211705
p07,21,5.0,0.7259690288017443,5.4713181391369705,5.835827676618873
p07,22,4.0,0.6438429470413467,4.896543744351081,5.503144141019062
p07,24,3.0,0.7076471313015992,5.343088990476268,5.777847314505168
p07,25,3.0,0.647008120309936,4.9186957880240465,5.656293520563426
p07,26,8.0,0.9199016023867441,6.82859070373824,6.4606278303943885
p07,28,6.0,0.8761372953507802,6.522298201397651,6.333060695349938
p07,29,3.0,0.6255444946885192,4.76847868083935,5.43826202973864
p07,33,4.0,0.7183006664134277,5.417649703284854,5.4922529788689864
p07,35,4.0,0.7138772239201372,5.386691432447474,5.758230063524297
p07,36,7.0,0.919577243915935,6.826320621691749,6.425876716584236
p07,37,3.0,0.6689267823362282,5.072097550663033,5.635446651627618
p07,38,8.0,0.9100166717373679,6.759409209751083,6.3673274400846
p07,39,5.0,0.6358264323347946,4.840438700862052,5.504579387720492
p07,40,8.0,0.88752362223873,6.601987491396283,5.634628137543672
p07,42,3.0,0.709381110668223,5.35522456202259,5.786686723744991
p07,45,8.0,0.9233688044959005,6.852856551458881,6.349245896657196
p07,46,4.0,0.6803371826813858,5.151955323152251,5.701649307366555
p07,47,3.0,0.6460308197715513,4.911855971568261,5.62344536252023
p07,48,5.0,0.6697017673901842,5.07752142522039,5.644325104123445
p07,49,4.0,0.6648857869209392,5.043815905607428,5.6889071785337615
p07,50,3.0,0.7096753015958885,5.357283511004155,5.8310815098890885
p07,51,3.0,0.6152263656914604,4.69626536903288,5.291006440203155
p07,52,8.0,0.8584558786621459,6.398551574767917,6.475478398949184
p07,54,3.0,0.639768452204836,4.868027647472793,5.067965644756766
p07,55,5.0,0.7727860518568851,5.798975632534782,5.990283496226644
p07,56,3.0,0.7159097236378921,5.400916253236847,5.729892806064799
p07,58,4.0,0.7958254990568866,5.960221415077011,6.04791208480743
p07,59,6.0,0.8525651626733456,6.35732432217359,6.332552043960865
p07,60,4.0,0.6461454901633827,4.912658513265757,5.402702039820796
p07,61,8.0,0.8450890424586235,6.305001328312758,5.630616981549744
p08,1,5.0,0.6056480024226314,4.704604869034348,5.077380091038923
p08,2,8.0,0.7751135551428443,5.933968500652586,5.758215836058349
p08,3,8.0,0.7905790202915682,6.0461605071973645,5.4943179608781545
p08,4,6.0,0.7916988892495201,6.054284436497364,5.883052579452947
p08,7,2.0,0.5506538311132589,4.305657513223661,4.891617104241418
p08,8,4.0,0.722664902683842,5.553487247527737,5.819639937188638
p08,11,7.0,0.4746040389654333,3.753965165381032,4.064654720116922
p08,14,7.0,0.7334079640045833,5.631421250444358,4.939976536409652
p08,15,7.0,0.6035392301630432,4.689307082070037,5.116488490974675
p08,16,6.0,0.6307981601802206,4.887053093941083,5.230775087944716
p08,18,8.0,0.7345336838882034,5.639587624448383,5.382443363620484
p08,20,7.0,0.701178115527413,5.39761442106579,5.643432143096635
p08,23,6.0,0.7667032316987195,5.872957011259084,5.383420260966769
p08,24,3.0,0.6432775355677062,4.977582939095016,5.371435807937041
p08,26,4.0,0.6213813750391468,4.818740372013978,5.262898029253009
p08,27,7.0,0.8019125529398848,6.12837799996772,6.025916836234622
p08,28,5.0,0.7130129223318241,5.483468335557733,5.78271578053393
p08,29,7.0,0.8188968834506087,6.251588398199747,6.007385535479222
p08,30,6.0,0.6357025337968453,4.9226311713932045,4.906117368206733
p08,31,9.0,0.7834668741734337,5.99456645967536,5.5888318260788115
p08,33,5.0,0.6817032998480044,5.256337154126112,5.550031256011297
p08,34,9.0,0.8656104716058031,6.590465447007428,6.573121199103337
p08,36,7.0,0.5784635610126351,4.5073992241179335,4.116802310578017
p08,37,6.0,0.6075526069016257,4.718421550014693,5.146116977548621
p08,42,6.0,0.6204018773117885,4.811634745743988,5.081403448457557
p08,44,4.0,0.6146775942019237,4.770108752057396,5.2028770241102915
p08,45,5.0,0.5609342853741243,4.38023559934178,4.460826263969029
p08,46,8.0,0.5622341459422383,4.38966525205269,4.320976047738325
p08,48,6.0,0.6168660721903412,4.7859847528396875,5.171632197978732
p08,49,8.0,0.7182921035517522,5.521765401199248,5.324701360916437
p08,51,8.0,0.7755192791578098,5.936911767531704,5.683598954260766
p08,56,9.0,0.7741260552651111,5.926804823926397,5.653257410120657
p08,61,8.0,0.6701313317984631,5.172389965815567,4.831053988836851
p08,62,4.0,0.5612932668856886,4.38283977941057,4.807276508295981
p08,63,5.0,0.5195536776227515,4.080045894666005,4.58599222633047
p08,65,7.0,0.600719998970151,4.668855372315268,4.794272209738524
p08,66,8.0,0.7565762358150535,5.7994921670055675,5.389754162611468
p08,67,6.0,0.6192330970706986,4.80315599653103,4.984568179691143
p08,68,8.0,0.6715625794853525,5.182772747601341,4.93368593027272
p08,70,6.0,0.621876897018435,4.822335065391044,5.25485464875839
p09,1,6.0,0.7347380254606813,5.7969961395485265,5.687981095426424
p09,2,9.0,0.8613523745330655,6.4653368902105175,6.377629715423462
p10,1,3.0,0.7651119187141193,6.306258716238979,6.235810991855888
p11,2,8.0,0.8431231474566131,6.235149809443006,5.995030129668065
p11,5,4.0,0.7183493017508613,5.360170683174699,5.613002310815194
p11,6,4.0,0.7075033704525455,5.284113369742634,5.602422542022564
p11,7,6.0,0.7599132077881028,5.651638418123956,5.827483966621848
p11,9,10.0,0.9100574311074792,6.70452783249716,5.716996362537051
p11,10,3.0,0.7030442685412919,5.252843827057775,4.993817918409793
p11,11,4.0,0.8103034749464982,6.005001189635029,6.0645617746872205
p11,12,8.0,0.8274863291901718,6.125496303878607,5.937850682756592
p11,14,7.0,0.8428343151912716,6.233124367318199,6.186210314860985
p12,4,7.0,0.8836236706620203,6.7471903056127225,6.673117174289955
p13,1,5.0,0.7760234321601891,6.161514189178252,6.155462611759433
p13,2,7.0,0.8389543130259188,6.5437145229000455,6.594355321100386
p14,8,5.0,0.8715240441970289,6.514132989373534,5.994317550275161
p14,11,6.0,0.7967919634620378,5.944272155485238,5.696532549415352
p14,12,6.0,0.8886034995554557,6.644370399829494,5.9965177062838375
p14,14,7.0,0.8174538946241484,6.101827320629595,5.8095704155263315
p14,16,5.0,0.7051556100621413,5.24550974649885,5.479356069327974
p14,17,5.0,0.7293487975030254,5.429992097771358,5.5337318123719825
p14,18,3.0,0.6501998439165507,4.826450911060415,5.407842350568824
p14,20,6.0,0.7839584644550921,5.846411793859064,5.747670360294252
p14,21,4.0,0.4905700287403125,3.609212227283567,4.541978953575585
p15,2,5.0,0.7610299090429812,5.823942351528977,4.626137472422901
p15,6,9.0,0.5572018486316842,4.211703854084065,4.715690912207897
p15,16,6.0,0.7936492646526078,6.081954819339179,5.334369048955446
p15,20,6.0,0.7054518321466681,5.384331068345598,4.74697681818717
p15,22,6.0,0.8067738262573855,6.185767431982464,5.07203541734273
p15,23,10.0,0.6184398214892048,4.696083763048303,4.897443164647203
p15,24,6.0,0.6029964298384712,4.5739296764118,4.595163149535385
p15,28,7.0,0.7498038720064136,5.73514668204375,5.420585346991082
p15,31,6.0,0.6429580149872564,4.890017686403104,4.778237242043682
p15,33,5.0,0.5270510233898661,3.973216959362582,4.163705829759397
p15,34,5.0,0.8326327859103615,6.390306542899166,5.238093182393269
p15,35,5.0,0.6895051738985175,5.258196245292349,4.7014686246501745
p15,40,8.0,0.7082675172081525,5.406602564446996,5.271713117628456
p15,41,7.0,0.6660848587688482,5.072946316513399,5.140767791091942
p15,47,6.0,0.6051748926438785,4.591160874084203,4.843683103860364
p15,49,7.0,0.6998510331696517,5.340029887688847,5.203859134184342
p15,53,7.0,0.5936096893304611,4.499682468338476,4.636674347773621
p15,56,7.0,0.5730760015603709,4.337265174808569,4.46091732728513
p15,58,4.0,0.5756285314541911,4.357455167061804,4.55086590287644
