participant,session_number,rpe,hr_qc_primary,hr_coverage,valid_hr_minutes,mean_hrr,linear_score,hrr_below_zero_fraction,hrr_above_one_fraction,p1,p2,p3,p4,p5,p6,p7,p8,p9,p10
p01,1,7.0,True,0.9993174061433447,24.4,0.715506535543419,7.565573770491803,0.0,0.0,0.0,0.0,0.0,0.029371584699453553,0.045765027322404374,0.06147540983606557,0.1168032786885246,0.6864754098360656,0.060109289617486336,0.0
p01,2,6.0,True,0.9984177215189876,21.033333333333335,0.7284508551666122,7.76703645007924,0.0,0.0,0.0,0.008716323296354992,0.015055467511885896,0.01347068145800317,0.030903328050713153,0.04120443740095087,0.19730586370839936,0.3724247226624406,0.32091917591125196,0.0
p01,3,6.0,True,0.9879556259904912,51.95,0.5778604595240423,6.26660250240616,0.0,0.0,0.05293551491819057,0.164260506897658,0.025344882900224575,0.0016041065126724415,0.0,0.032723772858517804,0.383060635226179,0.13570741097208855,0.20436316971446905,0.0
p01,4,8.0,True,0.9640883977900553,29.083333333333332,0.689641443871052,7.342120343839541,0.0,0.0,0.0,0.0028653295128939827,0.002292263610315186,0.06074498567335244,0.054441260744985676,0.067621776504298,0.3478510028653295,0.270487106017192,0.12722063037249284,0.0664756446991404
p01,5,7.0,True,0.9983258928571429,29.816666666666666,0.8096375212741196,8.541643376187814,0.0,0.0,0.0,0.0,0.0,0.002794857462269424,0.005589714924538848,0.010620458356623811,0.05980994969256568,0.29737283398546677,0.596981553940749,0.026830631637786474
p01,6,6.0,True,0.9979338842975206,40.25,0.677376678070057,7.263768115942029,0.0,0.0,0.0,0.002070393374741201,0.017391304347826087,0.0380952380952381,0.08157349896480331,0.15320910973084886,0.19668737060041408,0.28695652173913044,0.18467908902691513,0.039337474120082816
p01,7,6.0,True,0.9590163934426228,25.35,0.8462342176963189,8.971071663379355,0.0,0.0,0.0,0.006574621959237344,0.003287310979618672,0.006574621959237344,0.003287310979618672,0.014464168310322156,0.0611439842209073,0.1873767258382643,0.28139381985535833,0.4358974358974359
p01,8,7.0,True,0.9171940928270043,28.983333333333334,0.6959490215631648,7.416331224841864,0.0,0.0,0.0,0.005750431282346176,0.008050603795284647,0.03335250143760782,0.10810810810810811,0.07993099482461184,0.12248418631397355,0.4111558366877516,0.23116733755031627,0.0
p01,9,6.0,True,0.9819257311863293,49.8,0.7313204931824381,7.771419009370817,0.0,0.0,0.0,0.0016733601070950468,0.007697456492637216,0.012382864792503346,0.03112449799196787,0.11211512717536815,0.17704149933065597,0.3172690763052209,0.3172690763052209,0.023427041499330656
p01,10,6.0,True,0.9980516317584024,34.15,0.7019406477164106,7.488042947779404,0.0,0.0,0.0,0.0,0.007320644216691069,0.04880429477794046,0.0527086383601757,0.08101512933138116,0.2127867252318204,0.34455832113225965,0.2528062469497316,0.0
p01,11,7.0,True,0.999008428358949,33.583333333333336,0.742482875997941,7.896277915632755,0.0,0.0,0.0,0.012903225806451613,0.004466501240694789,0.0034739454094292804,0.013895781637717122,0.06153846153846154,0.21935483870967742,0.35136476426799007,0.2719602977667494,0.06104218362282878
p01,12,6.0,True,0.9760025260498895,51.516666666666666,0.6743741107419022,7.221287609187965,0.0,0.0,0.0,0.005499838240051763,0.0042057586541572305,0.01973471368489162,0.04205758654157231,0.1494661921708185,0.3031381429957942,0.3934001941119379,0.08249757360077645,0.0
p01,13,6.0,True,0.9987873888439773,41.18333333333333,0.794133992476001,8.439093484419264,0.0,0.0,0.0,0.003642250101173614,0.005261027923917442,0.008903278025091057,0.003642250101173614,0.003642250101173614,0.05625252934034804,0.32982598138405506,0.5803318494536625,0.0084985835694051
p01,14,7.0,True,0.9689320388349515,33.266666666666666,0.7882759524575548,8.350701402805612,0.0,0.0,0.0,0.0,0.0,0.03657314629258517,0.03657314629258517,0.028557114228456915,0.07014028056112225,0.20340681362725452,0.5155310621242485,0.1092184368737475
p01,15,6.0,True,0.9983179142136249,39.56666666666667,0.6129683356659146,6.593934288121314,0.0,0.0,0.0,0.03580454928390901,0.02737994945240101,0.12636899747262004,0.04296545914069082,0.16807076663858467,0.1988205560235889,0.2855939342881213,0.11499578770008424,0.0
p02,1,7.0,True,0.9988412514484357,71.83333333333333,0.7197192590186483,7.676334106728538,0.0,0.016473317865429233,0.0,0.0,0.001160092807424594,0.002320185614849188,0.03433874709976798,0.050580046403712296,0.2888631090487239,0.47006960556844546,0.1208816705336427,0.03178654292343387
p02,2,6.0,True,0.9997942810121374,81.0,0.7804999875463833,8.32304526748971,0.0,0.0,0.0,0.0,0.0,0.0,0.0,0.0024691358024691358,0.13950617283950617,0.4458847736625514,0.3567901234567901,0.05534979423868313
p02,8,6.0,True,0.9986876640419947,101.46666666666667,0.6080776945266386,6.580650459921156,0.0,0.0,0.0,0.002463863337713535,0.026609724047306178,0.05042706964520368,0.08245729303547963,0.22733245729303547,0.382227332457293,0.2140275952693824,0.01445466491458607,0.0
p02,12,7.0,True,0.9988640666414237,43.96666666666667,0.7709031764647912,8.258150113722518,0.0,0.0,0.0,0.0,0.009097801364670205,0.01061410159211524,0.00265352539802881,0.009855951478392721,0.05344958301743745,0.4871114480667172,0.42721758908263835,0.0
p02,15,6.0,True,0.9941492726122707,104.78333333333333,0.6878831543329573,7.398918403053921,0.0,0.0,0.0,0.017655479560998888,0.02099570542389057,0.05264832193414983,0.05185303006203277,0.17241927787498013,0.04151423572451089,0.2980753936694767,0.32734213456338473,0.017496421186575472
p02,22,7.0,True,0.9635193133047211,74.83333333333333,0.7233838342898198,7.767928730512249,0.0,0.0,0.0,0.0,0.0,0.0,0.07371937639198219,0.15968819599109133,0.14120267260579064,0.23452115812917596,0.33207126948775056,0.058797327394209356
p02,23,6.0,True,0.8615825962228066,60.06666666666667,0.6630812239409195,7.117369589345172,0.0,0.0,0.0,0.0,0.0,0.012486126526082131,0.02025527192008879,0.3215871254162042,0.27968923418423974,0.21503884572697005,0.1509433962264151,0.0
p02,25,5.0,True,0.9765158806544755,84.55,0.7936484838237226,8.41651882515277,0.0,0.0,0.0,0.0,0.0,0.0029568302779420462,0.00749063670411985,0.01616400551941652,0.20165582495564754,0.16361127537945988,0.5314409619554504,0.07668046520796373
p02,29,6.0,True,0.9974139645912075,83.56666666666666,0.80136141162016,8.468288791384126,0.0,0.0,0.0031910650179497405,0.008177104108496211,0.011767052253689668,0.007977662544874352,0.0634224172317511,0.03709613083366574,0.02512963701635421,0.0634224172317511,0.6396090945353011,0.14020741922616672
p02,30,7.0,True,0.8630490956072352,66.8,0.7378273311285919,7.918163672654691,0.0,0.0,0.0,0.0,0.0,0.0,0.01721556886227545,0.04615768463073852,0.21432135728542914,0.4458582834331337,0.27644710578842313,0.0
p02,31,7.0,True,0.9843709966692288,128.06666666666666,0.7105036418684654,7.632092660072878,0.0,0.0,0.0,0.0026028110359187923,0.0039042165538781884,0.005075481520041645,0.07079646017699115,0.12272254034357105,0.2404997397188964,0.19820406038521604,0.3265226444560125,0.029672045809474232
p02,33,5.0,True,0.9822710622710623,111.73333333333333,0.663657602760858,7.140662291169452,0.0,0.0,0.0029832935560859188,0.004474940334128878,0.019988066825775655,0.026700477326968973,0.0256563245823389,0.09263126491646778,0.3793257756563246,0.4115453460620525,0.0366945107398568,0.0
p02,35,6.0,True,0.9850586979722519,138.45,0.661488737311834,7.114481762369087,0.0,0.0,0.0,0.00662092211387986,0.026242927651378357,0.023474178403755867,0.03382689298182256,0.1778018538581919,0.27856025039123633,0.3385096906223667,0.11496328397736849,0.0
p03,1,7.0,True,0.9984607491021037,32.43333333333333,0.9818876527960266,9.933710174717369,0.0,0.7389516957862282,0.0,0.0,0.0,0.0,0.0,0.0,0.0,0.009249743062692703,0.047790339157245634,0.9429599177800617
p04,2,8.0,True,0.9991039426523297,37.166666666666664,0.5756316788582745,6.211210762331838,0.0,0.0,0.002242152466367713,0.004484304932735426,0.07533632286995516,0.08385650224215246,0.10717488789237668,0.373542600896861,0.1412556053811659,0.03632286995515695,0.1757847533632287,0.0
p04,3,7.0,True,0.9983935742971888,41.43333333333333,0.6133249366386068,6.602976669348351,0.0,0.0,0.0,0.0,0.01729686242960579,0.010458567980691875,0.14481094127111827,0.2172164119066774,0.41834271922767496,0.1733708769106999,0.01850362027353178,0.0
p04,4,5.0,True,0.8251473477406681,28.0,0.23909775054294458,2.9267857142857143,0.04583333333333333,0.0,0.2369047619047619,0.17797619047619048,0.21011904761904762,0.20654761904761904,0.13333333333333333,0.03511904761904762,0.0,0.0,0.0,0.0
p04,6,5.0,True,0.999034749034749,34.5,0.6202521055071912,6.671014492753624,0.0,0.0,0.0,0.009178743961352657,0.015942028985507246,0.03285024154589372,0.00676328502415459,0.30096618357487925,0.4405797101449275,0.193719806763285,0.0,0.0
p04,7,9.0,True,0.9985185185185185,22.466666666666665,0.8657384622210618,9.233679525222552,0.0,0.0,0.0,0.0,0.0,0.005934718100890208,0.0051928783382789315,0.01112759643916914,0.03560830860534125,0.06676557863501484,0.4198813056379822,0.45548961424332346
p04,9,4.0,True,0.8828451882845189,14.066666666666666,0.5466989634587747,5.882701421800948,0.0,0.0,0.017772511848341232,0.017772511848341232,0.023696682464454975,0.02962085308056872,0.09360189573459715,0.5687203791469194,0.23104265402843602,0.017772511848341232,0.0,0.0
p04,11,6.0,True,0.9986581683998658,49.61666666666667,0.5248510714591257,5.744037621766879,0.0,0.0,0.0,0.006046355391333557,0.007389989922741014,0.11790393013100436,0.2982868659724555,0.27981189116560296,0.2566341954988243,0.03392677191803829,0.0,0.0
p04,13,7.0,True,0.999537037037037,35.983333333333334,0.7009406222116685,7.525243168133394,0.0,0.0,0.02315886984715146,0.004631773969430292,0.00555812876331635,0.006021306160259379,0.03473830477072719,0.04955998147290412,0.13385826771653545,0.6382584529874942,0.10421491431218156,0.0
p04,15,7.0,True,0.9992091735863978,42.11666666666667,0.6635881371709564,7.102097348634745,0.0,0.0,0.0019786307874950534,0.003957261574990107,0.0015829046299960427,0.030866640284922833,0.0518401266323704,0.29046299960427385,0.2706766917293233,0.0704392560348239,0.2781954887218045,0.0
p04,18,8.0,True,0.9975708502024292,41.06666666666667,0.7363004627698568,7.866477272727273,0.0,0.0,0.003246753246753247,0.003246753246753247,0.004058441558441558,0.005275974025974026,0.00487012987012987,0.07345779220779221,0.4496753246753247,0.11323051948051949,0.12459415584415584,0.21834415584415584
p04,20,5.0,True,0.9982964224872232,39.06666666666667,0.4899771859847745,5.4065699658703075,0.0021331058020477816,0.0,0.005972696245733789,0.002559726962457338,0.006825938566552901,0.17747440273037543,0.3314846416382253,0.3391638225255973,0.11945392491467577,0.017064846416382253,0.0,0.0
p04,22,6.0,True,0.9986504723346828,37.0,0.6250730327975597,6.767117117117117,0.0,0.0,0.0,0.002702702702702703,0.006756756756756757,0.009009009009009009,0.062162162162162166,0.17612612612612613,0.6081081081081081,0.13513513513513514,0.0,0.0
p04,23,8.0,True,0.9992803166606693,46.28333333333333,0.5761419122008101,6.276197335253871,0.0,0.0,0.0,0.0,0.014404033129276198,0.20957868203096866,0.22326251350378107,0.14007922218221103,0.14836154123154482,0.0655383507382067,0.11271155923658624,0.08606409794742528
p04,24,7.0,True,0.9985966881841145,59.3,0.6216220329477812,6.714727374929735,0.0,0.0,0.0,0.0,0.0070264193367060145,0.03147835862844295,0.0733558178752108,0.24761101742551994,0.40893760539629004,0.23159078133783023,0.0,0.0
p04,29,4.0,True,0.9981570217471434,45.13333333333333,0.46501348146332433,5.048375184638109,0.0,0.0,0.0,0.0,0.07348596750369277,0.33382570162481534,0.12629246676514033,0.4036189069423929,0.06277695716395865,0.0,0.0,0.0
p04,30,6.0,True,0.9292649098474342,44.666666666666664,0.5010939389895107,5.500746268656716,0.0,0.0,0.016791044776119403,0.08022388059701492,0.07611940298507462,0.11828358208955224,0.11902985074626865,0.3055970149253731,0.10074626865671642,0.16082089552238807,0.022388059701492536,0.0
p04,32,6.0,True,0.985374007521939,39.3,0.6688193811056319,7.138252756573367,0.0,0.0,0.0,0.0,0.006785411365564037,0.01993214588634436,0.05046649703138253,0.18405428329092452,0.3375742154368109,0.29219677692960133,0.10899067005937235,0.0
p04,33,8.0,True,0.9993595901376882,52.016666666666666,0.6633853686657443,7.134572252483178,0.0,0.0,0.002242870874719641,0.003524511374559436,0.004806151874399231,0.029157321371355335,0.09836590836270426,0.13649471323293816,0.19737263697532842,0.4504966356936879,0.0775392502403076,0.0
p04,35,6.0,True,0.9838112858464385,35.45,0.5905939700189403,6.427362482369535,0.004701457451810061,0.0,0.007052186177715092,0.026328161730136343,0.05829807240244476,0.1311706629055007,0.02773859896567936,0.06958157028678891,0.32675129290079924,0.3530794546309356,0.0,0.0
p04,36,8.0,True,0.9993748046264458,53.28333333333333,0.7399391305920666,7.807632155145448,0.0,0.0,0.0,0.0028151391929934315,0.0028151391929934315,0.0031279324366593683,0.00688145136065061,0.06412261495151705,0.15014075695964968,0.6199562089458868,0.15014075695964968,0.0
p04,37,5.0,True,0.9189755529685681,65.78333333333333,0.44009508292966976,4.880922219407145,0.0,0.0,0.04535089941727895,0.13174562959209526,0.10336964783379782,0.13833291107170004,0.08588801621484672,0.21611350392703318,0.2510767671649354,0.028122624778312642,0.0,0.0
p04,39,7.0,True,0.998373454782043,51.15,0.6727080318443194,7.2144020853698265,0.0,0.0,0.002932551319648094,0.00032583903551645487,0.0016291951775822744,0.002280873248615184,0.014988595633756924,0.1704138155751059,0.3600521342456826,0.4473769957640925,0.0,0.0
p04,40,4.0,True,0.9991578947368421,39.55,0.6006159712151276,6.538137378845344,0.0,0.0,0.0,0.0,0.0050568900126422255,0.01390644753476612,0.08175305520438264,0.291613990729035,0.5524652338811631,0.05520438263801096,0.0,0.0
p04,41,6.0,True,0.9980066445182725,50.06666666666667,0.5177071506274834,5.733022636484687,0.0,0.0,0.0,0.010652463382157125,0.05359520639147803,0.3505326231691079,0.02729693741677763,0.09387483355525965,0.2633155792276964,0.2007323568575233,0.0,0.0
p04,42,6.0,True,0.9993552546744036,51.666666666666664,0.6769599001588977,7.285806451612904,0.0,0.0,0.0,0.0,0.0,0.0016129032258064516,0.07677419354838709,0.14967741935483872,0.17806451612903226,0.5938709677419355,0.0,0.0
p04,43,7.0,True,0.9978009895547005,30.25,0.6915942359545472,7.463911845730028,0.0,0.0,0.0027548209366391185,0.0027548209366391185,0.0027548209366391185,0.0027548209366391185,0.05068870523415978,0.09862258953168045,0.1840220385674931,0.5977961432506887,0.05785123966942149,0.0
p04,45,6.0,True,0.9879518072289156,39.63333333333333,0.5961754663914373,6.459629941126997,0.0,0.0,0.0,0.0021026072329688814,0.0021026072329688814,0.04499579478553406,0.06686291000841042,0.308242220353238,0.5201850294365012,0.05550883095037847,0.0,0.0
p04,46,7.0,True,0.9987987987987988,27.716666666666665,0.6714897091473377,7.26037282020445,0.0,0.0,0.0,0.006013229104028864,0.004209260372820205,0.00841852074564041,0.029464822609741433,0.08117859290438965,0.4149128081779916,0.43896572459410704,0.01683704149128082,0.0
p04,49,6.0,True,0.9969496695475343,32.68333333333333,0.5897855103437621,6.392146863844976,0.012748597654258032,0.0,0.02906680265170831,0.00815910249872514,0.008669046404895462,0.030086690464048955,0.0861805201427843,0.3212646608873024,0.2906680265170831,0.22590515043345233,0.0,0.0
p05,1,3.0,True,0.9982618771726536,28.716666666666665,0.6551938763230921,7.074289030760302,0.0,0.0,0.0,0.0,0.0,0.01567034242600116,0.019733023795705164,0.16018572257690075,0.5623911781775972,0.19210679048171794,0.02089378990133488,0.02901915264074289
p05,3,6.0,True,0.9504999999999999,31.683333333333334,0.5395554075928017,5.887953708574434,0.0,0.0,0.0,0.0026301946344029457,0.015781167806417674,0.013150973172014729,0.24881641241451868,0.4986849026827985,0.22093634928984746,0.0,0.0,0.0
p05,4,4.0,True,0.997261774370208,30.35,0.5802565915636339,6.299835255354201,0.0,0.0,0.010982976386600769,0.026359143327841845,0.014827018121911038,0.0054914881933003845,0.07084019769357495,0.3833058758923668,0.3975837451949478,0.0829214717188358,0.007688083470620538,0.0
p06,1,6.0,True,0.9987304274227676,39.333333333333336,0.7906525834388135,8.43771186440678,0.0,0.01059322033898305,0.0,0.0,0.00423728813559322,0.0029661016949152543,0.001271186440677966,0.006779661016949152,0.19830508474576272,0.3983050847457627,0.08983050847457627,0.2983050847457627
p06,2,6.0,True,0.9367619047619048,40.983333333333334,0.909108576021899,9.595363969093128,0.0,0.04270028466856446,0.0,0.0,0.0,0.0,0.0012200081333875558,0.0008133387555917039,0.0,0.0618137454249695,0.2716551443676291,0.6644977633184221
p06,3,6.0,True,0.9977802441731409,29.966666666666665,0.7402493230334488,7.794771968854282,0.0,0.0,0.0,0.0,0.0027808676307007787,0.0027808676307007787,0.0033370411568409346,0.005005561735261402,0.25027808676307006,0.6457174638487208,0.09010011123470522,0.0
p06,4,5.0,True,0.997936016511868,32.233333333333334,0.7086442160813361,7.598759048603929,0.0,0.0,0.0,0.0,0.0036194415718717684,0.0036194415718717684,0.005687693898655636,0.05429162357807653,0.28955532574974147,0.5966907962771458,0.04653567735263702,0.0
p06,5,7.0,True,0.9985842378480415,35.266666666666666,0.7144627196209684,7.663043478260869,0.0,0.0,0.0,0.0,0.0,0.00945179584120983,0.10255198487712665,0.11436672967863894,0.13563327032136105,0.32892249527410206,0.2452741020793951,0.06379962192816635
p06,7,5.0,True,0.998191027496382,45.983333333333334,0.6488758524220868,7.046756071040232,0.0,0.0,0.0,0.0,0.007973903588256614,0.003624501631025734,0.033707865168539325,0.27872417542587896,0.24030445813700615,0.4356650960492932,0.0,0.0
p06,8,8.0,True,0.9986098239110287,35.916666666666664,0.632920845670914,6.852900232018561,0.0,0.0,0.0,0.0,0.0,0.07099767981438515,0.2482598607888631,0.15127610208816705,0.09419953596287703,0.15684454756380511,0.27842227378190254,0.0
p06,9,3.0,True,0.9989019033674963,45.483333333333334,0.5198538714581108,5.6383290582631,0.0,0.0,0.0,0.004030780505679736,0.005862953462806889,0.008427995602784902,0.5833638695492854,0.18138512275558813,0.16159765481861488,0.05533162330524002,0.0,0.0
p06,10,6.0,True,0.9983388704318937,40.06666666666667,0.7030592998166095,7.578202995008319,0.0,0.0,0.0,0.0,0.00041597337770382697,0.004991680532445923,0.0037437603993344427,0.052828618968386025,0.30158069883527455,0.617720465890183,0.018718801996672214,0.0
p06,11,5.0,True,0.9989658738366081,32.2,0.7076094503365646,7.6226708074534155,0.0,0.0,0.0,0.0,0.0,0.030538302277432712,0.023809523809523808,0.07401656314699794,0.3059006211180124,0.33488612836438925,0.1915113871635611,0.039337474120082816
p06,12,9.0,True,0.9958762886597937,16.1,0.7245933305876178,7.783643892339544,0.0,0.0,0.0,0.0,0.0,0.0,0.10973084886128365,0.17391304347826086,0.046583850931677016,0.2463768115942029,0.33954451345755693,0.08385093167701864
p06,13,9.0,True,1.0,24.65,0.8586243092269126,9.107505070993914,0.0,0.0,0.0,0.0,0.0,0.0,0.0,0.027045300878972278,0.010818120351588911,0.048005409060175794,0.6558485463150777,0.2582826233941853
p06,14,5.0,True,0.9978082191780822,30.35,0.6988780651960108,7.5513454146073595,0.0,0.0,0.0,0.0016474464579901153,0.009335529928610654,0.004942339373970346,0.008786381109280615,0.03789126853377265,0.37067545304777594,0.46622734761120266,0.10049423393739704,0.0
p06,15,4.0,True,0.9987608426270136,40.3,0.7650831450016439,8.154259718775847,0.0,0.0,0.0,0.0,0.0,0.004962779156327543,0.0037220843672456576,0.05707196029776675,0.24358974358974358,0.31017369727047145,0.21794871794871795,0.16253101736972705
p06,16,3.0,True,0.9683257918552036,32.1,0.6395166987138274,7.000519210799585,0.0,0.0,0.0,0.007268951194184839,0.006749740394600207,0.016095534787123573,0.029075804776739357,0.06905503634475597,0.6692627206645898,0.1656282450674974,0.03686396677050883,0.0
p06,17,5.0,True,0.9987347110923661,39.46666666666667,0.5957882213845951,6.4514358108108105,0.0,0.0,0.0,0.002533783783783784,0.03125,0.02956081081081081,0.16385135135135134,0.30489864864864863,0.15751689189189189,0.3103885135135135,0.0,0.0
p06,18,3.0,True,0.9988907376594565,30.016666666666666,0.4296110932944309,4.7584675180455305,0.0,0.0,0.0,0.011660188784008884,0.01776790671848973,0.18267629094947252,0.77623542476402,0.011660188784008884,0.0,0.0,0.0,0.0
p06,19,4.0,True,0.9983534577387486,30.316666666666666,0.5934523675530521,6.601429356789445,0.0,0.0,0.0,0.0,0.0,0.035184167124793844,0.07696536558548653,0.13908741066520067,0.7487630566245189,0.0,0.0,0.0
p06,20,7.0,True,0.9991235758106923,38.0,0.7168480567252103,7.656578947368421,0.0,0.0,0.0,0.0,0.005263157894736842,0.0013157894736842105,0.002631578947368421,0.01929824561403509,0.37105263157894736,0.49473684210526314,0.10570175438596491,0.0
p06,21,3.0,True,0.9983407079646017,30.083333333333332,0.5804798203621705,6.37562326869806,0.0,0.0,0.0,0.0110803324099723,0.002770083102493075,0.003878116343490305,0.040997229916897505,0.46426592797783933,0.47700831024930745,0.0,0.0,0.0
p06,22,7.0,True,0.9983477901693515,40.28333333333333,0.71874260236108,7.712039718659495,0.0,0.0,0.0,0.0,0.004551096400496483,0.0033098882912701694,0.009515928837401738,0.02068680182043856,0.18204385601985934,0.7798924286305338,0.0,0.0
p06,23,6.0,True,0.9986510791366906,37.016666666666666,0.6777549020290976,7.329581269698334,0.0,0.0,0.0,0.0,0.010355695632597929,0.00990544799639802,0.04322377307519135,0.17469608284556506,0.3160738406123368,0.29716343989194055,0.08104457451598379,0.0675371454299865
p06,24,3.0,True,0.9975124378109452,20.05,0.658343767789649,7.085619285120531,0.0,0.0,0.0,0.010806317539484621,0.004987531172069825,0.011637572734829594,0.2028262676641729,0.08811305070656691,0.04156275976724855,0.5918536990856192,0.04821280133000831,0.0
p06,25,4.0,True,0.9988925802879292,30.066666666666666,0.4668020800449574,5.251662971175167,0.0,0.0,0.0,0.02771618625277162,0.01385809312638581,0.1385809312638581,0.3187361419068736,0.5011086474501109,0.0,0.0,0.0,0.0
p06,26,4.0,True,0.9988913525498893,30.033333333333335,0.5069862820159807,5.698668146503884,0.0,0.0,0.0,0.0,0.0005549389567147614,0.033851276359600446,0.2486126526082131,0.7003329633740288,0.016648168701442843,0.0,0.0,0.0
p06,27,4.0,True,0.9966996699669967,20.133333333333333,0.6741790337363385,7.241721854304636,0.0,0.0,0.0,0.02152317880794702,0.0074503311258278145,0.0033112582781456954,0.024006622516556293,0.04552980132450331,0.5024834437086093,0.3211920529801324,0.062086092715231786,0.012417218543046357
p06,28,6.0,True,0.9967023907666942,20.15,0.7385796073801398,7.906534325889165,0.0,0.0,0.0,0.0,0.0,0.01240694789081886,0.008271298593879239,0.09015715467328371,0.30603804797353185,0.11579818031430934,0.46732837055417703,0.0
p06,29,8.0,True,0.9993311036789297,24.9,0.8129913435736235,8.651271753681392,0.0,0.0,0.0,0.0,0.007362784471218206,0.0033467202141900937,0.008701472556894244,0.011378848728246318,0.03681392235609103,0.2175368139223561,0.642570281124498,0.07228915662650602
p07,5,8.0,True,0.9985611510791367,57.833333333333336,0.7387652497042938,7.861383285302594,0.0,0.0,0.0,0.0,0.011527377521613832,0.007492795389048991,0.047838616714697406,0.08559077809798271,0.14380403458213256,0.3227665706051873,0.35446685878962536,0.026512968299711816
p07,6,4.0,True,0.9991256193529583,57.13333333333333,0.6880010488747144,7.38710618436406,0.0,0.0,0.0014585764294049008,0.025379229871645273,0.008168028004667444,0.002333722287047841,0.0029171528588098016,0.030338389731621937,0.3308051341890315,0.5985997666277713,0.0,0.0
p07,7,7.0,True,0.99800796812749,50.1,0.7163834434146948,7.6916167664670665,0.0,0.0,0.0,0.0,0.004657351962741184,0.014970059880239521,0.07052561543579508,0.19095143047238855,0.22355289421157684,0.12375249500998003,0.1513639387890885,0.22022621423819028
p07,8,7.0,True,0.9977839335180055,30.016666666666666,0.6215794846941469,6.704053303720156,0.0,0.0,0.01665741254858412,0.049416990560799554,0.054969461410327596,0.036646307606885066,0.10272071071626875,0.17101610216546362,0.1515824541921155,0.15491393670183232,0.18378678511937813,0.07828983897834536
p07,10,4.0,True,0.9986938775510206,101.95,0.6668429886856302,7.153997057381069,0.0,0.0,0.0,0.0,0.000980872976949485,0.0070295896681379765,0.08173941474579043,0.24472780774889652,0.26222004250449565,0.23148602256007847,0.15971881641327448,0.012097433382376982
p07,12,8.0,True,0.9953810623556582,21.55,0.8513799491068637,8.891724671307038,0.0,0.10595514307811292,0.0,0.0,0.004640371229698376,0.008507347254447023,0.010054137664346482,0.019334880123743233,0.26836813611755606,0.03789636504253674,0.016241299303944315,0.6349574632637278
p07,13,4.0,True,0.9990196078431373,67.93333333333334,0.7165357838245828,7.721540726202159,0.0,0.0,0.0,0.01226692836113837,0.05961727183513248,0.005888125613346418,0.03999018645731109,0.00760549558390579,0.03631010794896958,0.5500490677134445,0.28827281648675174,0.0
p07,14,7.0,True,0.9983989753442203,51.96666666666667,0.6905438354906152,7.387427838357922,0.0,0.0,0.025336754329698525,0.008980115458627326,0.011545862732520847,0.03527902501603592,0.056125721616420786,0.17158434894162924,0.22386144964720975,0.09300833867864015,0.19563822963438102,0.17864015394483643
p07,15,3.0,True,0.9994125709810064,85.06666666666666,0.591762618193749,6.464537617554859,0.0,0.0,0.0,0.0,0.0,0.0009796238244514106,0.13303291536050157,0.6393025078369906,0.039968652037617555,0.05231191222570533,0.08268025078369906,0.05172413793103448
p07,16,3.0,True,0.9989251164457184,46.46666666666667,0.6405605626638762,6.854375896700144,0.0,0.0,0.0,0.02618364418938307,0.006097560975609756,0.007890961262553802,0.002510760401721664,0.10724533715925394,0.7044476327116213,0.14562410329985653,0.0,0.0
p07,17,6.0,True,0.9980384464495881,42.4,0.7055850695176792,7.585298742138365,0.0,0.0,0.0,0.0,0.0,0.0294811320754717,0.14544025157232704,0.15723270440251572,0.15487421383647798,0.07114779874213836,0.27476415094339623,0.16705974842767296
p07,18,4.0,True,0.9991746905089408,60.53333333333333,0.6038165354757139,6.488436123348018,0.0,0.0,0.006883259911894273,0.023127753303964757,0.052588105726872246,0.06607929515418502,0.03661894273127753,0.07048458149779736,0.5465308370044053,0.19768722466960353,0.0,0.0
p07,19,7.0,True,0.998342175066313,50.18333333333333,0.654318134047509,7.060445034872136,0.0,0.0,0.0,0.0036532713384257723,0.00631019594818997,0.07837927598804384,0.07804716041182332,0.2832945865161076,0.17768183327798073,0.11258718033875789,0.11424775821986051,0.14579873796081036
p07,21,5.0,True,0.9991962706960296,103.6,0.676481864604695,7.290862290862291,0.0,0.0,0.0,0.0,0.0,0.0008043758043758043,0.0035392535392535394,0.2425997425997426,0.2101029601029601,0.542953667953668,0.0,0.0
p07,22,4.0,True,0.9991728701406121,60.4,0.6098278428648901,6.5885761589403975,0.0,0.0,0.0,0.0,0.0,0.06677704194260485,0.0369757174392936,0.1509381898454746,0.7315121412803532,0.01379690949227373,0.0,0.0
p07,23,8.0,True,0.9986678507992895,37.483333333333334,0.7730677732962663,8.30591373943975,0.0,0.0,0.0,0.0,0.007114273010226767,0.015562472209871054,0.08803912850155625,0.1431747443308137,0.07292129835482436,0.028012449977767896,0.2632281013783904,0.3819475322365496
p07,24,3.0,True,0.9983818770226537,51.416666666666664,0.6644471795552666,7.169529983792545,0.0,0.0,0.0,0.0,0.0,0.0,0.0,0.1912479740680713,0.4479740680713128,0.3607779578606159,0.0,0.0
p07,25,3.0,True,0.9991105840498073,56.166666666666664,0.6435172269204111,6.90919881305638,0.0,0.0,0.0,0.0,0.0,0.0,0.0,0.09080118694362017,0.9091988130563798,0.0,0.0,0.0
p07,26,8.0,True,0.9997554414282219,68.13333333333334,0.8062451934645227,8.613502935420744,0.0,0.0,0.0,0.0,0.0,0.0017123287671232876,0.030821917808219176,0.05895303326810176,0.16731898238747553,0.16267123287671234,0.15900195694716243,0.4195205479452055
p07,27,5.0,True,0.9780898876404495,145.08333333333334,0.7059436092612933,7.56634118322803,0.0,0.0,0.0,0.0,0.005743825387708214,0.013785180930499713,0.064330844342332,0.07788627225732338,0.18495117748420448,0.4842044801838024,0.15427914991384262,0.01481906950028719
p07,28,6.0,True,0.9880834160873883,49.75,0.788830878771029,8.343718592964823,0.0,0.0,0.0,0.0,0.0,0.011725293132328308,0.0371859296482412,0.048911222780569516,0.15209380234505862,0.14204355108877723,0.4639865996649916,0.1440536013400335
p07,29,3.0,True,0.9994212962962963,57.56666666666667,0.5944474194702202,6.449913144180661,0.0,0.0,0.0,0.0023161551823972205,0.008396062536189925,0.02113491603937464,0.010712217718587146,0.42009264620729586,0.5373480023161552,0.0,0.0,0.0
p07,33,4.0,True,0.9834254143646409,62.3,0.6038885736177542,6.5655430711610485,0.0,0.0,0.0,0.04868913857677903,0.0749063670411985,0.05082932049224184,0.02541466024612092,0.08346709470304976,0.321294810058855,0.39539860888175493,0.0,0.0
p07,35,4.0,True,0.9982282966337637,65.73333333333333,0.6549889462519998,7.128042596348885,0.0,0.0,0.0,0.0005070993914807302,0.009127789046653144,0.056795131845841784,0.019523326572008115,0.018762677484787018,0.5,0.39528397565922924,0.0,0.0
p07,36,7.0,True,0.9985294117647059,33.95,0.8064292007681986,8.540009818360335,0.0,0.0,0.0,0.0,0.0,0.0,0.0,0.11094747177221403,0.22287677957781052,0.08541973490427099,0.17673048600883653,0.40402552773686795
p07,37,3.0,True,0.9994179278230501,57.233333333333334,0.6403126716569764,6.868375072801397,0.0,0.0,0.0,0.00320326150262085,0.0,0.022714036109493303,0.025917297612114153,0.09609784507862551,0.7516016307513105,0.10046592894583577,0.0,0.0
p07,38,8.0,True,0.9991789819376026,40.56666666666667,0.7898421762848545,8.41618734593262,0.0,0.0,0.0,0.0,0.004108463434675432,0.007395234182415777,0.037387017255546426,0.1532456861133936,0.07313064913722268,0.08709942481511915,0.3171733771569433,0.32046014790468363
p07,39,5.0,True,0.9952398388868546,45.3,0.6074400093057517,6.591611479028698,0.0,0.0,0.0,0.004047093451066961,0.0014716703458425313,0.02612214863870493,0.03016924208977189,0.24356144223693893,0.6946284032376747,0.0,0.0,0.0
p07,40,8.0,True,0.9909213180901143,49.11666666666667,0.6376230055619342,6.866644044791313,0.0,0.0,0.0,0.034611469290804206,0.12962334577536477,0.11231761112996268,0.023752969121140142,0.10756701730573465,0.09670851713607058,0.0831353919239905,0.26976586359009164,0.14251781472684086
p07,42,3.0,True,0.9983938323160938,51.8,0.6676130957238957,7.188223938223938,0.0,0.0,0.0,0.0,0.0,0.013191763191763193,0.017696267696267698,0.10553410553410554,0.4948519948519948,0.3687258687258687,0.0,0.0
p07,43,7.0,True,0.999291031549096,46.983333333333334,0.7514766279391463,8.032280950691735,0.0,0.0,0.0,0.004256828662646328,0.006030507272082299,0.006030507272082299,0.07449450159631076,0.18552678254700247,0.1362185172046825,0.07413976587442356,0.18375310393756653,0.32954948563320324
p07,44,3.0,True,0.9967697277341947,72.0,0.6039117415430829,6.54375,0.0,0.0,0.0011574074074074073,0.11898148148148148,0.049074074074074076,0.0849537037037037,0.059953703703703703,0.02824074074074074,0.19537037037037036,0.2247685185185185,0.19236111111111112,0.04513888888888889
p07,45,8.0,True,0.9990448901623686,52.3,0.7863973699888073,8.377947737412365,0.0,0.0,0.0,0.005417463352453792,0.003505417463352454,0.04079031230082855,0.036647546207775654,0.0621414913957935,0.13894200127469725,0.17845761631612492,0.10388782664117271,0.43021032504780116
p07,46,4.0,True,0.9992022337455125,41.75,0.6539607765925998,7.008383233532934,0.0,0.0,0.0,0.0,0.0,0.0015968063872255488,0.0,0.15249500998003993,0.6802395209580838,0.1656686626746507,0.0,0.0
p07,47,3.0,True,0.9731042211430706,43.416666666666664,0.6405058215980264,6.83915547024952,0.0,0.0,0.0,0.0,0.009596928982725527,0.0023032629558541267,0.00345489443378119,0.10863723608445297,0.8760076775431862,0.0,0.0,0.0
p07,48,5.0,True,0.9952638700947226,24.516666666666666,0.6507823112090281,6.887151597552685,0.0,0.0,0.0,0.0,0.0,0.029231815091774305,0.024473147518694765,0.07817811012916383,0.7661454792658056,0.10197144799456152,0.0,0.0
p07,49,4.0,True,0.9969154842689698,26.933333333333334,0.6626177223405527,6.981435643564357,0.0,0.0,0.0,0.006806930693069307,0.004331683168316832,0.004331683168316832,0.0,0.022896039603960396,0.8929455445544554,0.0686881188118812,0.0,0.0
p07,50,3.0,True,0.9988193624557261,42.3,0.6754195826685326,7.2821118991331755,0.0,0.0,0.0,0.0,0.003940110323089046,0.001970055161544523,0.007880220646178092,0.05279747832939322,0.5610717100078803,0.3723404255319149,0.0,0.0
p07,51,3.0,True,0.9988817444786133,59.55,0.5688884679595243,6.139938427092079,0.0,0.0,0.001399384270920795,0.00783655191715645,0.03526448362720403,0.03610411418975651,0.028547439126784216,0.5130142737195634,0.3708368317940106,0.006996921354603974,0.0,0.0
p07,52,8.0,True,0.9989369241672572,46.983333333333334,0.822719678714619,8.644909542390918,0.0,0.0,0.0,0.004256828662646328,0.0035473572188719402,0.008513657325292657,0.03228095069173466,0.0358283079106066,0.012415750266051791,0.04576090812344803,0.8116353316778999,0.04576090812344803
p07,53,10.0,True,0.9991593106347205,39.61666666666667,0.7894851670656899,8.448885149347916,0.0,0.0,0.0,0.006310475389145982,0.0033655868742111907,0.005048380311316786,0.01051745898190997,0.15061001262095078,0.14850652082456878,0.07278081615481699,0.20067311737484222,0.40218763146823727
p07,54,3.0,True,0.9991412623443539,38.78333333333333,0.5060188244250088,5.668242372152986,0.0,0.0,0.010743446497636441,0.12419424151267727,0.09840996991834981,0.042973785990545764,0.015900300816501935,0.09196390201976794,0.6158143532445208,0.0,0.0,0.0
p07,55,5.0,True,0.9910868315123634,57.45,0.7117307074304138,7.618798955613577,0.0,0.0,0.0,0.0,0.0,0.002901073397156948,0.004931824775166811,0.11923411662315056,0.2622570351029881,0.46475195822454307,0.14592399187699448,0.0
p07,56,3.0,True,0.9744711889132021,66.8,0.6506327189579622,7.06811377245509,0.0,0.0,0.0,0.0027445109780439123,0.04341317365269461,0.027944111776447105,0.018463073852295408,0.0344311377245509,0.4623253493013972,0.4106786427145709,0.0,0.0
p07,57,9.0,True,0.9988982739625413,45.333333333333336,0.8003331325327645,8.596691176470587,0.0,0.0,0.0,0.0,0.003676470588235294,0.023161764705882354,0.022426470588235294,0.10955882352941176,0.10772058823529412,0.09669117647058824,0.17169117647058824,0.4650735294117647
p07,58,4.0,True,0.998567335243553,46.46666666666667,0.7331531486500161,7.740674318507891,0.0,0.019727403156384504,0.0,0.0,0.0,0.0,0.0,0.013629842180774749,0.3662123385939742,0.5272596843615495,0.05164992826398852,0.04124820659971305
p07,59,6.0,True,0.9943430187708923,64.45,0.7842656852680921,8.342642875614171,0.0,0.0,0.0015515903801396431,0.0023273855702094647,0.0023273855702094647,0.002585983966899405,0.009309542280837859,0.03646237393328161,0.08611326609775019,0.3646237393328161,0.41298163951383504,0.0817170933540212
p07,60,4.0,True,0.9988905325443787,45.016666666666666,0.598569952763113,6.376156978896704,0.0,0.0,0.0,0.016660496112550906,0.014068863383931877,0.03332099222510181,0.05368382080710848,0.3287671232876712,0.501666049611255,0.0518326545723806,0.0,0.0
p07,61,8.0,True,0.9978662873399714,23.383333333333333,0.6331011973131452,6.85816108339273,0.0,0.0,0.0,0.0,0.01496792587312901,0.007127583749109052,0.06200997861724875,0.3136136849607983,0.42836778332145403,0.05630791161796151,0.03207412687099073,0.08553100498930863
p08,1,5.0,True,0.9986985944820406,63.95,0.578259503409597,6.217096690122492,0.0,0.0,0.0,0.011727912431587178,0.022413343758144383,0.013031013812874642,0.1485535574667709,0.2984102163148293,0.5058639562157936,0.0,0.0,0.0
p08,2,8.0,True,0.9995938261575954,41.016666666666666,0.6989101756401007,7.419748069890288,0.0,0.0,0.0,0.008533116619260463,0.01950426655830963,0.0040633888663145065,0.029662738724095895,0.25558715969118245,0.21170255993498577,0.08086143843965868,0.38358390898008937,0.00650142218610321
p08,3,8.0,True,0.9987189341532154,64.96666666666667,0.6409683435737012,6.955105182144689,0.0,0.0,0.0,0.0,0.023345305284761416,0.11698306824012314,0.11056952283222166,0.13853258081067213,0.24910210364289379,0.08029758850692663,0.1646998460749102,0.11646998460749101
p08,4,6.0,True,0.9994736842105263,63.3,0.7233946497649325,7.634544497103739,0.0,0.0,0.0052659294365455505,0.006055818852027383,0.02975250131648236,0.01474460242232754,0.012111637704054766,0.13243812532912058,0.2538177988414955,0.07530279094260137,0.47051079515534494,0.0
p08,6,5.0,True,0.9985869053226566,70.66666666666667,0.5150621540107346,5.720518867924529,0.0,0.0,0.0,0.028773584905660378,0.10589622641509434,0.043867924528301884,0.2186320754716981,0.32004716981132075,0.10589622641509434,0.17688679245283018,0.0,0.0
p08,7,2.0,True,0.9998412446420069,104.96666666666667,0.5396999769466783,5.893140679580819,0.0,0.0,0.0,0.0,0.004922197523023182,0.010638297872340425,0.1392505557319784,0.7767545252461099,0.06843442362654811,0.0,0.0,0.0
p08,8,4.0,True,0.9990105540897097,50.483333333333334,0.7058447830045795,7.527896995708154,0.0,0.0,0.001650709805216243,0.012545394519643446,0.003961703532518983,0.0006602839220864972,0.00462198745460548,0.006602839220864972,0.3357543743809838,0.6342027071640806,0.0,0.0
p08,9,2.0,True,0.9980738362760835,51.81666666666667,0.5561332005991647,6.091669347056932,0.0,0.0,0.0,0.0,0.0077195239626889674,0.05660984239305243,0.13155355419749115,0.44451592151817304,0.35960115792859443,0.0,0.0,0.0
p08,11,7.0,True,0.998813056379822,56.1,0.39153774044882794,4.437908496732026,0.0,0.0,0.010398098633392751,0.06684491978609626,0.16755793226381463,0.3155080213903743,0.17884729649435532,0.19102792632204396,0.06981580510992276,0.0,0.0,0.0
p08,14,7.0,True,0.9991749174917491,60.55,0.5447017869528186,5.975777594274705,0.0013762730525736307,0.0,0.02284613267272227,0.05973025048169557,0.0979906413432425,0.1907514450867052,0.0242224057252959,0.0823011285439031,0.23286540049545829,0.07211670795485825,0.2171758876961189,0.0
p08,15,7.0,True,0.998942118784948,110.16666666666667,0.5774214511256849,6.289863842662632,0.0,0.0,0.0,0.012254160363086233,0.02178517397881997,0.010287443267776097,0.02329803328290469,0.4842662632375189,0.4481089258698941,0.0,0.0,0.0
p08,16,6.0,True,1.0,56.1,0.5884721082471946,6.491087344028521,0.0,0.0,0.0,0.004456327985739751,0.025252525252525252,0.07575757575757576,0.034759358288770054,0.08882947118241236,0.7709447415329769,0.0,0.0,0.0
p08,17,8.0,True,1.0,52.233333333333334,0.6620268682596261,7.11869814932993,0.0,0.0,0.0,0.0,0.0,0.01595405232929164,0.08838544990427569,0.3497128270580728,0.20804084237396298,0.05615826419910657,0.20835992342054882,0.07338864071474155
p08,18,8.0,True,0.9984164687252574,21.016666666666666,0.629201548786144,6.758128469468676,0.0,0.0,0.0,0.02141157811260904,0.003965107057890563,0.010309278350515464,0.14036478984932593,0.3671689135606661,0.17684377478191912,0.0,0.27993655828707376,0.0
p08,20,7.0,True,0.9998710010319919,129.18333333333334,0.6729082800415886,7.217649335569604,0.0,0.0,0.0019352341633337635,0.003225390272222939,0.003225390272222939,0.015610888917559025,0.019997419687782222,0.08256999096890724,0.46187588698232485,0.3954328473745323,0.016126951361114694,0.0
p08,21,7.0,True,0.999326750448833,74.21666666666667,0.6409375828981725,6.856052099708061,0.0,0.0,0.0,0.0,0.008982708286548395,0.0799461037502807,0.04648551538288794,0.2052548843476308,0.4098360655737705,0.06894228609925893,0.18055243655962272,0.0
p08,23,6.0,True,0.9989909182643795,66.0,0.6245458639538619,6.759848484848485,0.0,0.0,0.0,0.0017676767676767678,0.005050505050505051,0.13383838383838384,0.09924242424242424,0.2340909090909091,0.22474747474747475,0.06565656565656566,0.1494949494949495,0.08611111111111111
p08,24,3.0,True,0.9983718658417453,51.1,0.6211088181828979,6.738747553816046,0.0,0.0,0.0016307893020221786,0.008153946510110893,0.003587736464448793,0.0029354207436399216,0.0016307893020221786,0.2583170254403131,0.649706457925636,0.07403783431180691,0.0,0.0
p08,25,7.0,True,0.9991049451778922,74.41666666666667,0.546903244680677,5.97424412094065,0.0,0.0,0.0,0.006718924972004479,0.049720044792833144,0.1032474804031355,0.05823068309070549,0.3670772676371781,0.41500559910414336,0.0,0.0,0.0
p08,26,4.0,True,0.9988713318284425,44.25,0.6053400219679446,6.5457627118644055,0.0,0.0,0.0,0.010546139359698682,0.006026365348399247,0.004143126177024482,0.0022598870056497176,0.36045197740112994,0.6165725047080979,0.0,0.0,0.0
p08,27,7.0,True,0.9989812550937245,81.71666666666667,0.7403955142391694,7.886803997552519,0.0,0.0,0.0,0.0,0.005098919029165817,0.017744238221497042,0.047521925351825416,0.10442586171731592,0.20252906383846625,0.08545788292881909,0.5372221089129104,0.0
p08,28,5.0,True,0.9993521218011014,51.416666666666664,0.6993623288802189,7.462884927066451,0.0,0.0,0.0,0.0019448946515397082,0.00453808752025932,0.0019448946515397082,0.00226904376012966,0.036952998379254455,0.41426256077795787,0.5380875202593193,0.0,0.0
p08,29,7.0,True,0.9992327365728899,65.11666666666666,0.738904887321174,7.858459175838238,0.0,0.0,0.0,0.005630918863578193,0.010493985154850269,0.005119017148707448,0.016636805733299207,0.17020732019452264,0.22011773739442028,0.11466598413104684,0.33862298438699767,0.11850524699257743
p08,30,6.0,True,0.9988127040664886,56.083333333333336,0.5467439267350017,5.919465081723626,0.0,0.0,0.0,0.004457652303120356,0.010104011887072809,0.06745913818722139,0.4323922734026746,0.19316493313521546,0.08558692421991085,0.1711738484398217,0.03566121842496285,0.0
p08,31,9.0,True,0.9973767051416579,31.683333333333334,0.6621465038234997,7.121514992109416,0.0,0.0,0.0,0.0,0.02524986849026828,0.014729089952656496,0.09310889005786428,0.22882693319305628,0.3166754339821147,0.09573908469226723,0.09100473435034193,0.13466596528143082
p08,32,5.0,True,0.9987971130713713,41.516666666666666,0.643891374198565,6.9084704937776,0.0,0.0,0.0,0.004014452027298274,0.00602167804094741,0.004415897230028101,0.006423123243677238,0.20433560818948213,0.6615816940987556,0.043356081894821354,0.06985146527498996,0.0
p08,33,5.0,True,0.9985642498205313,46.36666666666667,0.6550901872830578,7.053199137311287,0.0,0.0,0.0,0.0,0.0,0.003953989935298346,0.005391804457225018,0.2304097771387491,0.46836808051761325,0.2774982027318476,0.014378145219266714,0.0
p08,34,9.0,True,1.0,95.33333333333333,0.8466968678689795,8.854545454545454,0.0,0.0,0.0,0.0,0.0,0.0236013986013986,0.022027972027972027,0.01381118881118881,0.012062937062937063,0.013111888111888112,0.776048951048951,0.13933566433566433
p08,35,5.0,True,0.9993006993006993,71.45,0.35358865471935735,4.028224865873572,0.0,0.0,0.0,0.06438068579426172,0.3860508514112433,0.31630510846745974,0.06368089573128062,0.03522276650338232,0.12852810823419641,0.005831583858175881,0.0,0.0
p08,36,7.0,True,0.998342175066313,50.18333333333333,0.40256011038236295,4.529724344071737,0.0,0.0,0.01760212553968781,0.07671869810694122,0.1932912653603454,0.294918631683826,0.1813351046164065,0.08435735636001329,0.07671869810694122,0.026237130521421455,0.04882098970441714,0.0
p08,37,6.0,True,0.99974173553719,64.51666666666667,0.5817935012556072,6.3420304830793075,0.0,0.0,0.0,0.0041332988891759235,0.019633169723585638,0.023508137432188065,0.02764143632136399,0.432963058641178,0.4921208989925084,0.0,0.0,0.0
p08,39,7.0,True,0.9991869918699187,61.45,0.578041064021342,6.239761323569298,0.0,0.0,0.0,0.011662598318416057,0.023325196636832114,0.15758068890697044,0.1800922158936805,0.25603471657173854,0.10957417954976946,0.043124491456468676,0.21860591266612422,0.0
p08,42,6.0,True,0.970291632597438,59.333333333333336,0.5703480645576634,6.22808988764045,0.0,0.0,0.0,0.0,0.022191011235955058,0.03651685393258427,0.16320224719101123,0.36179775280898874,0.30168539325842697,0.1146067415730337,0.0,0.0
p08,43,6.0,True,0.999228791773779,64.78333333333333,0.4003587619508295,4.451247748906612,0.0,0.02444044250064317,0.0,0.005402624131721122,0.23462824800617443,0.41291484435297143,0.2140468227424749,0.063287882685876,0.015436068947774634,0.007718034473887317,0.0005145356315924878,0.04605093902752765
p08,44,4.0,True,0.9989395546129375,47.1,0.6019231528548997,6.441967445152159,0.0,0.0,0.0,0.0,0.0007077140835102619,0.012031139419674451,0.09341825902335456,0.3453644727530078,0.5353857041755131,0.013092710544939844,0.0,0.0
p08,45,5.0,True,0.9990265271355561,68.41666666666667,0.4659312562705231,5.1354445797807555,0.0,0.0,0.0,0.001218026796589525,0.05310596833130329,0.4014616321559074,0.1909866017052375,0.13885505481120586,0.13520097442143728,0.07917174177831912,0.0,0.0
p08,46,8.0,True,0.9987919787388259,68.9,0.44165078113926,4.885099177552007,0.0,0.0,0.018142235123367198,0.07716497339138849,0.08611514271891631,0.2138364779874214,0.2861635220125786,0.15965166908563136,0.06119980648282535,0.09772617319787132,0.0,0.0
p08,47,7.0,True,0.9943455245428297,137.75,0.49994625320451297,5.479975801572897,0.0016938898971566847,0.0,0.00411373260738052,0.02117362371445856,0.12546884452510587,0.1443436176648518,0.08106473079249849,0.3392619479733817,0.23774954627949182,0.046823956442831216,0.0,0.0
p08,48,6.0,True,0.9992676675210546,45.483333333333334,0.5996719859474134,6.386954928545255,0.0,0.0,0.0,0.011359472334188348,0.017955294979846097,0.017955294979846097,0.009160864785635764,0.45108098204470504,0.453646024184683,0.03884206669109564,0.0,0.0
p08,49,8.0,True,0.9986934935981187,63.7,0.616068718269034,6.656462585034014,0.0,0.0,0.0013082155939298796,0.017006802721088437,0.0358451072736787,0.017791732077446363,0.05128205128205128,0.3882783882783883,0.23469387755102042,0.0989010989010989,0.12663526949241236,0.0282574568288854
p08,50,8.0,True,0.9988353133007221,71.46666666666667,0.6824374150472043,7.273787313432836,0.0,0.0,0.0,0.008395522388059701,0.011194029850746268,0.04221082089552239,0.15368470149253732,0.16371268656716417,0.10401119402985075,0.08861940298507463,0.41487873134328357,0.013292910447761194
p08,51,8.0,True,0.9988207547169812,56.46666666666667,0.6806238973867562,7.288370720188903,0.0,0.0,0.0,0.0,0.0059031877213695395,0.08559622195985832,0.05608028335301062,0.21959858323494688,0.10182998819362456,0.17148760330578514,0.34946871310507677,0.010035419126328217
p08,53,5.0,True,0.956266450698522,78.71666666666667,0.44404583588159907,4.947702731314843,0.0,0.0,0.0,0.036205801397416894,0.1759474910014821,0.24878255346178277,0.2536523396146517,0.08363328392970569,0.08109252593690451,0.07156468346390006,0.049121321194156256,0.0
p08,55,7.0,True,0.999023199023199,136.36666666666667,0.4965002656686073,5.444023466145197,0.0,0.0,0.00036665851869958444,0.03556587631385969,0.06709850892202396,0.1390857980933757,0.18797360058665363,0.41212417501833293,0.11904179907113176,0.0007333170373991689,0.01698851136641408,0.02102175507210951
p08,56,9.0,True,0.9982409850483729,56.75,0.67453756246701,7.234948604992658,0.0,0.0,0.0,0.013803230543318648,0.0032305433186490457,0.0023494860499265785,0.084287812041116,0.26226138032305435,0.239647577092511,0.0960352422907489,0.23641703377386197,0.06196769456681351
p08,60,5.0,True,0.9818279956818999,90.95,0.4705900229727662,5.197910940076966,0.0,0.0,0.001832508704416346,0.02162360271211288,0.11031702400586403,0.25655121861828845,0.18654938610958402,0.1905809052593,0.15283122594832327,0.06780282206340481,0.01191130657870625,0.0
p08,61,8.0,True,0.9992950299612267,47.25,0.5311973524327719,5.787301587301588,0.0,0.0,0.0,0.0,0.07336860670194004,0.16084656084656085,0.19541446208112875,0.27724867724867724,0.17707231040564375,0.03950617283950617,0.037742504409171075,0.03880070546737213
p08,62,4.0,True,0.9993485342019544,51.13333333333333,0.5252895758756518,5.745436766623207,0.0,0.0,0.0,0.003585397653194263,0.037157757496740544,0.06681877444589308,0.20925684485006518,0.46903520208604954,0.21414602346805736,0.0,0.0,0.0
p08,63,5.0,True,0.994408945686901,41.5,0.4852938013987613,5.355823293172691,0.0,0.0,0.00642570281124498,0.03253012048192771,0.04578313253012048,0.03493975903614458,0.2955823293172691,0.563855421686747,0.020883534136546186,0.0,0.0,0.0
p08,64,4.0,True,0.999054820415879,70.46666666666667,0.5524206621351101,6.0520340586565755,0.0,0.0,0.0,0.011352885525070956,0.08940397350993377,0.03642384105960265,0.011825922421948912,0.40066225165562913,0.4503311258278146,0.0,0.0,0.0
p08,65,7.0,True,0.9986390854654328,61.15,0.5258853216104686,5.722540201689833,0.0,0.0,0.0,0.03134369037884982,0.058871627146361405,0.06704824202780049,0.22921777050967565,0.3469610248023985,0.1452711910602344,0.12128645407467975,0.0,0.0
p08,66,8.0,True,0.9991980753809142,62.3,0.6255556488651294,6.771000535045479,0.0,0.0,0.0,0.0018726591760299626,0.07142857142857142,0.07089352594970573,0.12145532370251472,0.21776350989834137,0.08105939004815409,0.13162118780096307,0.30390583199571963,0.0
p08,67,6.0,True,0.9995502586013042,74.08333333333333,0.5551980639821728,6.057592800899887,0.0,0.0,0.0,0.0,0.017547806524184476,0.08031496062992126,0.23262092238470192,0.32215973003374576,0.19122609673790777,0.1561304836895388,0.0,0.0
p08,68,8.0,True,0.9639220250218213,55.21666666666667,0.5518199747526715,5.968004829459705,0.008149713250830063,0.0,0.041352248717174765,0.01509206157561123,0.02112888620585572,0.08874132206459402,0.12616963477210988,0.403259885300332,0.12073649260488983,0.06912164201629943,0.11439782674313312,0.0
p08,69,8.0,True,0.9819197896120972,99.56666666666666,0.48987870962879976,5.372112487445597,0.0050217609641781055,0.0,0.013558754603280885,0.008369601606963508,0.05858721124874456,0.11683963843321057,0.3682624707063944,0.22999665215935722,0.17492467358553732,0.012219618346166722,0.017241379310344827,0.0
p08,70,6.0,True,0.9830555555555556,58.983333333333334,0.599776550537026,6.533484035038146,0.0,0.0,0.0,0.0,0.0,0.04492794574738627,0.02204012432890647,0.2876518790618819,0.6453800508618254,0.0,0.0,0.0
p09,1,6.0,True,0.997896508203618,39.53333333333333,0.6767861419363722,7.276559865092748,0.0,0.0,0.0,0.03204047217537943,0.0193929173693086,0.00927487352445194,0.11424957841483979,0.10792580101180438,0.1205733558178752,0.3208263069139966,0.2693929173693086,0.006323777403035413
p09,2,9.0,True,0.9525828835774865,41.18333333333333,0.8342422747023209,8.859166329421287,0.0,0.0,0.0,0.0,0.0,0.0020234722784297854,0.007284500202347228,0.006879805746661271,0.12464589235127478,0.18089842169162282,0.3290165924726831,0.349251315256981
p10,1,3.0,True,0.9977289931869796,21.966666666666665,0.7279023299812805,7.757966616084977,0.0,0.0,0.0,0.0,0.05311077389984825,0.0007587253414264037,0.022003034901365705,0.061456752655538696,0.16160849772382396,0.32397572078907433,0.37708649468892264,0.0
p11,2,8.0,True,0.998696558915537,63.85,0.7272379035165706,7.7632471939441405,0.0,0.0,0.0,0.0,0.008613938919342208,0.05377186113286348,0.050117462803445575,0.08979378752284,0.18506917253980684,0.11119812059514488,0.4664578439049856,0.03497781258157139
p11,4,8.0,True,0.9980420949583946,33.983333333333334,0.561776372306855,6.147621383030898,0.0,0.0,0.0,0.020107896027464444,0.0,0.1186856302108877,0.3491907797940167,0.06669936243256498,0.09024031387935262,0.34085335948994605,0.014222658165767533,0.0
p11,5,4.0,True,0.9984126984126984,31.45,0.6455085239916895,6.980922098569157,0.0,0.0,0.0,0.0,0.00794912559618442,0.04504504504504504,0.05246422893481717,0.18600953895071543,0.269740328563858,0.43879173290937995,0.0,0.0
p11,6,4.0,True,0.9985724482512491,23.316666666666666,0.6419847020384325,6.9592566118656185,0.0,0.0,0.0,0.0,0.0407433881343817,0.02644746247319514,0.01501072194424589,0.10650464617583988,0.4731951393852752,0.3380986418870622,0.0,0.0
p11,7,6.0,True,0.9984763839512442,32.766666666666666,0.6952115218292219,7.420142421159715,0.0,0.0,0.0,0.0,0.01271617497456765,0.018311291963377416,0.009664292980671414,0.09664292980671414,0.32044760935910477,0.44252288911495424,0.09969481180061038,0.0
p11,9,10.0,True,0.9982718894009215,28.883333333333333,0.6758300174072293,7.193883439122908,0.0,0.0,0.0,0.0,0.0,0.24754760530871323,0.1257934218118869,0.031159838430467397,0.08136180034622043,0.04904789382573572,0.22504327755337564,0.2400461627236007
p11,10,3.0,True,0.9988950276243094,30.133333333333333,0.5239424175217205,5.712942477876107,0.0,0.0,0.0,0.0,0.016592920353982302,0.2981194690265487,0.2549778761061947,0.056969026548672565,0.13274336283185842,0.24059734513274336,0.0,0.0
p11,11,4.0,True,0.9986910994764397,12.716666666666667,0.7366624275785718,7.905635648754915,0.0,0.0,0.0,0.0,0.0,0.0,0.00655307994757536,0.07470511140235911,0.30275229357798167,0.23853211009174313,0.37745740498034075,0.0
p11,12,8.0,True,0.999008428358949,33.583333333333336,0.7141944698127215,7.6461538461538465,0.0,0.0,0.0,0.0,0.019851116625310174,0.052109181141439205,0.048635235732009924,0.13796526054590572,0.11116625310173697,0.143424317617866,0.486848635235732,0.0
p11,14,7.0,True,0.9980449657869013,34.03333333333333,0.7726158149871309,8.154750244857981,0.0,0.0,0.0,0.0,0.0,0.009794319294809012,0.02497551420176298,0.02497551420176298,0.17580803134182174,0.3295788442703232,0.3751224289911851,0.059745347698334964
p12,2,7.0,True,0.9985625299472928,34.733333333333334,0.8638730688147006,9.0542226487524,0.0,0.07629558541266794,0.0,0.0,0.0023992322456813818,0.045105566218809984,0.00527831094049904,0.0047984644913627635,0.022072936660268713,0.08061420345489444,0.3853166986564299,0.45441458733205375
p12,4,7.0,True,0.9995042141794744,33.6,0.8675056999120231,9.172123015873016,0.0,0.0,0.0,0.0,0.0,0.001984126984126984,0.005456349206349206,0.0,0.040674603174603176,0.1314484126984127,0.4037698412698413,0.4166666666666667
p13,1,5.0,True,0.9989339019189766,31.233333333333334,0.751607679134298,7.98665955176094,0.0,0.0,0.0,0.010672358591248666,0.0080042689434365,0.0026680896478121665,0.005336179295624333,0.07577374599786553,0.1328708644610459,0.3628601921024546,0.4018143009605123,0.0
p13,2,7.0,True,0.9986936642717178,25.483333333333334,0.8401447974812539,8.85088293001962,0.0,0.0,0.0,0.0,0.0,0.0,0.001962066710268149,0.0013080444735120995,0.006540222367560497,0.13472858077174624,0.8449967298888162,0.010464355788096796
p14,7,5.0,True,0.9991787571858747,60.833333333333336,0.5419413659055923,5.903835616438356,0.0027397260273972603,0.0,0.02493150684931507,0.01589041095890411,0.02,0.06547945205479452,0.19561643835616438,0.3202739726027397,0.25726027397260276,0.08027397260273973,0.020273972602739727,0.0
p14,8,5.0,True,0.9980139026812312,33.5,0.7234769660877549,7.681592039800995,0.0,0.0,0.0024875621890547263,0.004975124378109453,0.003482587064676617,0.014427860696517412,0.1154228855721393,0.12835820895522387,0.17860696517412936,0.08009950248756219,0.35870646766169156,0.11343283582089553
p14,11,6.0,True,0.9978127734033246,38.016666666666666,0.6535240799587044,7.070144673388864,0.0,0.0,0.0,0.00263042525208242,0.005699254712845244,0.004822446295484437,0.21744848750548004,0.10477860587461639,0.23366944322665498,0.20166593599298555,0.22928540113985094,0.0
p14,12,6.0,True,0.9976558837318331,35.46666666666667,0.7199942045184073,7.686090225563909,0.0,0.0,0.0,0.0,0.0,0.06343984962406016,0.19313909774436092,0.0643796992481203,0.06484962406015038,0.06531954887218046,0.3848684210526316,0.16400375939849623
p14,13,4.0,True,0.9991021727419644,92.73333333333333,0.5805342850378835,6.324946081955428,0.0,0.0,0.0017972681524083393,0.003235082674335011,0.0050323508267433505,0.11520488856937455,0.12275341480948958,0.1928468727534148,0.41031631919482386,0.14162473040977713,0.007189072609633357,0.0
p14,14,7.0,True,0.999192462987887,61.86666666666667,0.6790683080196148,7.303879310344827,0.0,0.0,0.0026939655172413795,0.0026939655172413795,0.0021551724137931034,0.02101293103448276,0.078125,0.1953125,0.2179418103448276,0.23168103448275862,0.2200969827586207,0.028286637931034482
p14,16,5.0,True,0.9973521624007061,37.666666666666664,0.614195565552558,6.628761061946903,0.0,0.0,0.0,0.0,0.016371681415929203,0.08938053097345133,0.12389380530973451,0.09336283185840707,0.3734513274336283,0.3035398230088496,0.0,0.0
p14,17,5.0,True,0.9987163029525032,38.9,0.629962686851509,6.7399314481576695,0.0,0.0,0.0,0.0021422450728363325,0.002570694087403599,0.11353898886032562,0.12082262210796915,0.10668380462724936,0.22065124250214224,0.41730934018851756,0.016281062553556127,0.0
p14,18,3.0,True,0.9950396825396826,16.716666666666665,0.6034794165996229,6.482552342971086,0.0,0.0,0.0,0.0,0.022931206380857428,0.01694915254237288,0.026919242273180457,0.39082751744765704,0.47258225324027914,0.06979062811565304,0.0,0.0
p14,20,6.0,True,0.9980657640232108,51.6,0.6658528714577207,7.1773255813953485,0.0,0.0,0.007751937984496124,0.001937984496124031,0.001614987080103359,0.014534883720930232,0.053617571059431525,0.2189922480620155,0.2900516795865633,0.2131782945736434,0.19832041343669252,0.0
p14,21,4.0,True,0.8953168044077136,21.666666666666668,0.4208920386042223,4.712307692307692,0.0,0.0,0.0,0.0,0.08538461538461538,0.2815384615384615,0.49,0.12153846153846154,0.021538461538461538,0.0,0.0,0.0
p14,22,6.0,True,0.989642672190575,63.7,0.6313836190035724,6.859236002093145,0.0,0.0,0.0,0.0,0.0052328623757195184,0.09314495028780743,0.08398744113029827,0.1933542647828362,0.23129251700680273,0.2650444793301936,0.12794348508634223,0.0
p15,2,5.0,True,0.9902182091798345,21.933333333333334,0.509432684325899,5.61854103343465,0.0,0.0,0.026595744680851064,0.037993920972644375,0.3130699088145897,0.10258358662613981,0.08206686930091185,0.003799392097264438,0.003799392097264438,0.1641337386018237,0.26595744680851063,0.0
p15,5,7.0,True,0.9981529368304396,45.03333333333333,0.6459781031159108,6.984455958549223,0.0,0.0,0.001850481125092524,0.0462620281273131,0.1617320503330866,0.060325684678016286,0.0,0.0,0.053293856402664694,0.29829755736491487,0.37823834196891193,0.0
p15,6,9.0,True,0.9880439980870397,68.86666666666666,0.5277164897491747,5.765246853823815,0.0,0.0,0.0,0.00484027105517909,0.013552758954501452,0.024685382381413358,0.30517909002904164,0.48451113262342693,0.15464666021297194,0.012584704743465635,0.0,0.0
p15,7,10.0,True,0.992047308319739,81.08333333333333,0.6067392384480779,6.566289825282631,0.0,0.0,0.0,0.00328879753340185,0.008633093525179856,0.0041109969167523125,0.09393627954779034,0.31017471736896196,0.4848920863309353,0.07029804727646455,0.016649537512846865,0.008016443987667009
p15,13,6.0,True,0.9969208905731881,70.15,0.5037147715836509,5.526015680684248,0.0,0.0,0.00546448087431694,0.019957234497505347,0.05013067236873366,0.0814920408648135,0.2765502494654312,0.4126870990734141,0.10762651461154668,0.028985507246376812,0.01092896174863388,0.006177239249227845
p15,16,6.0,True,0.9982332155477032,56.5,0.6272552465683023,6.778761061946903,0.0,0.0,0.0,0.008849557522123894,0.0967551622418879,0.11268436578171091,0.13480825958702064,0.04808259587020649,0.08613569321533923,0.26135693215339234,0.1495575221238938,0.10176991150442478
p15,17,6.0,True,0.9846874999999998,105.03333333333333,0.37353045212595615,4.247381783560774,0.008886067914947636,0.0,0.04030466518565535,0.1339257378609965,0.23405268168835291,0.22135829895271342,0.12218343383052999,0.1193271977150111,0.04585845763249762,0.05585528403681371,0.014439860361789908,0.012694382735639479
p15,20,6.0,True,0.9984160506863782,31.516666666666666,0.532532930397401,5.816499206768905,0.0,0.0,0.013749338974087784,0.060285563194077206,0.06187202538339503,0.1644632469592808,0.14489687995769435,0.1285034373347435,0.21258593336858805,0.09994711792702274,0.08143839238498149,0.03225806451612903
p15,22,6.0,True,0.984375,84.0,0.5866383121346409,6.349007936507936,0.0,0.0,0.000992063492063492,0.012896825396825396,0.06448412698412699,0.1740079365079365,0.17142857142857143,0.17281746031746031,0.10833333333333334,0.06091269841269841,0.048214285714285716,0.18591269841269842
p15,23,10.0,True,0.999074502545118,179.91666666666666,0.5576477294003547,6.062992125984252,0.0,0.0,0.0,0.004724409448818898,0.017693376563223714,0.07058823529411765,0.18508568781843446,0.3735062528948587,0.2650301065308013,0.053913849004168596,0.029458082445576655,0.0
p15,24,6.0,True,0.9848705266220541,56.416666666666664,0.5106215107183112,5.567799113737076,0.0,0.0,0.008567208271787297,0.00827178729689808,0.08921713441654358,0.17311669128508125,0.193205317577548,0.19231905465288035,0.21979320531757754,0.1155096011816839,0.0,0.0
p15,25,8.0,True,0.9961969369924967,161.53333333333333,0.5336944336715549,5.81634337598019,0.0,0.008254230293025175,0.0008254230293025176,0.00680973999174577,0.06397028477094512,0.1320676846884028,0.28281056541477506,0.24040445728435825,0.13959966983078828,0.03239785390012381,0.022286421791167972,0.07882789929839043
p15,26,6.0,True,0.9867326287384753,73.13333333333334,0.4887665522059251,5.364630811303555,0.0,0.0,0.0,0.0034184138559708297,0.07839562443026436,0.12625341841385598,0.31061987237921607,0.3046946216955333,0.17661804922515953,0.0,0.0,0.0
p15,28,7.0,True,0.9832974137931035,121.66666666666667,0.6435945329962902,6.92,0.0,0.047397260273972605,0.0,0.0,0.022054794520547944,0.02493150684931507,0.09863013698630137,0.2010958904109589,0.4071232876712329,0.11041095890410958,0.036301369863013695,0.09945205479452054
p15,29,9.0,True,0.9960518894529047,147.16666666666666,0.5916641550194641,6.426613816534541,0.0,0.0,0.0033975084937712344,0.019365798414496035,0.03261608154020385,0.04552661381653454,0.1057757644394111,0.2842582106455266,0.3198187995469989,0.08471121177802944,0.09161947904869762,0.012910532276330692
p15,31,6.0,True,0.9982250621228257,46.86666666666667,0.5380094607454672,5.86593172119488,0.0,0.0,0.0,0.028805120910384067,0.12731152204836416,0.17496443812233287,0.033072546230440966,0.042318634423897585,0.44096728307254623,0.15256045519203415,0.0,0.0
p15,33,5.0,True,0.9970717423133236,34.05,0.44157408544518184,4.860988742046011,0.0,0.0,0.0014684287812041115,0.04601076847772883,0.21194322075379343,0.206069505628977,0.049926578560939794,0.3343122858541361,0.15026921194322077,0.0,0.0,0.0
p15,34,5.0,True,0.9840712110564535,70.01666666666667,0.6215250889282586,6.621042608902643,0.0,0.12282789811949536,0.00119019281123542,0.013568198048083789,0.11640085693882408,0.0328493215900976,0.1787669602475601,0.24065698643180194,0.09497738633658653,0.03308736015234468,0.0402285170197572,0.24827422042370864
p15,35,5.0,True,0.9997413681624208,128.85,0.5270577072978848,5.741948001552192,0.0,0.0,0.0012934937265554262,0.010477299185098952,0.06027680765748286,0.1305135170094425,0.2691760444961842,0.32738326219117836,0.05587892898719441,0.0446255335661622,0.04527228042943992,0.055102832751261155
p15,36,7.0,True,0.9927930206094323,130.86666666666667,0.6669453408663815,7.007896077432502,0.0,0.2943199184921039,0.0,0.013117677024961793,0.041900152827305144,0.12684666327050434,0.16454406520631687,0.14595007641365257,0.13232297503820684,0.008787570045848191,0.011716760061130923,0.35481406011207334
p15,39,7.0,True,0.9978586723768736,54.36666666666667,0.6701661855164994,7.180870631514408,0.0,0.01072961373390558,0.0,0.0015328019619865114,0.01072961373390558,0.0061312078479460455,0.04782342121397915,0.20968730839975475,0.43991416309012876,0.09687308399754752,0.10361741263028816,0.08369098712446352
p15,40,8.0,True,0.9946145124716553,116.96666666666667,0.6190883936295823,6.676118552294101,0.0,0.023938444001139925,0.0,0.0007124536905101168,0.014676546024508406,0.061128526645768025,0.10843545169563978,0.20447420917640352,0.39911655742376745,0.1238244514106583,0.04360216585921915,0.044029638073525224
p15,41,7.0,True,0.9908805927614703,115.9,0.5981289033462482,6.46160483175151,0.0,0.0,0.0,0.0064710957722174285,0.04946793212539546,0.012510785159620362,0.11230946218004026,0.26833477135461603,0.3825136612021858,0.12237561115904515,0.038107563991947084,0.007909117054932413
p15,47,6.0,True,0.9893923049262855,91.71666666666667,0.5487395315660929,5.9749227693985105,0.0,0.0,0.0021806287479556605,0.003816100308922406,0.050881337452298746,0.05251680901326549,0.1462838451753589,0.4079592949300382,0.28620752316918047,0.03161911684535708,0.018535344357623114,0.0
p15,48,7.0,True,0.9881606765327695,77.9,0.6247233423319325,6.751818570817287,0.0,0.0,0.0,0.014976465554129225,0.015832263585793753,0.03423192126658109,0.05626872058194266,0.353872486093282,0.24946512623020967,0.10590500641848524,0.15511339323919554,0.01433461703038083
p15,49,7.0,True,0.997545409916544,101.6,0.6073901261551337,6.564960629921259,0.0,0.0,0.0008202099737532808,0.0024606299212598425,0.02050524934383202,0.04478346456692913,0.14468503937007873,0.22063648293963253,0.3791010498687664,0.10695538057742782,0.0385498687664042,0.04150262467191601
p15,53,7.0,True,0.9898167006109979,32.4,0.5138117495435214,5.635802469135802,0.0,0.0,0.0,0.00257201646090535,0.023662551440329218,0.24691358024691357,0.23353909465020575,0.12551440329218108,0.2911522633744856,0.07664609053497942,0.0,0.0
p15,54,5.0,True,0.996935769004125,140.98333333333332,0.28524582759077627,3.3349095637782242,0.0029554320841707056,0.0,0.11029672538125074,0.20297907554084407,0.21468258659416006,0.262205934507625,0.1332308783544154,0.07660479962170469,0.0,0.0,0.0,0.0
p15,55,8.0,True,0.9946088794926005,156.81666666666666,0.5174378337774701,5.666808374960144,0.0,0.0,0.0,0.0005314061005420342,0.06238707620363482,0.17462004463811245,0.23488149643957912,0.20405994260814114,0.20682325433095972,0.11669677967903072,0.0,0.0
p15,56,7.0,True,0.9772057378659854,82.88333333333334,0.48567215073241315,5.347878544138347,0.0,0.0,0.0,0.01910315704805952,0.10878745224210738,0.20229237884576715,0.20349889402774984,0.1395535893826664,0.29479187613110797,0.03197265232254173,0.0,0.0
p15,57,9.0,True,0.9973190348525469,167.4,0.5434663340590138,5.9054161688570295,0.0,0.0,0.001991238550378335,0.00826363998407009,0.014735165272799682,0.02797690163281561,0.22500995619275188,0.46624850657108724,0.23795300677021108,0.0178215850258861,0.0,0.0
p15,58,4.0,True,0.9988453766958529,173.01666666666668,0.5025898817857019,5.491860129081976,0.0004816491667469415,0.0,0.004816491667469416,0.04084384934014064,0.05943550717657258,0.14141219535690203,0.1665542818610924,0.30941142471823524,0.24804932087467488,0.029476929004912823,0.0,0.0
