participant,session_number,rpe,pred_base_mean,pred_variance,pred_upper_70,pred_upper_80,pred_upper_90,pred_upper_tail_area_70,pred_delta_tilt_fixed_6_2,pred_tilted_standalone_fixed_6_2,pred_delta_tilt,pred_tilted_standalone,pred_selected_transparent,selected_lambda,selected_transparent_family,selected_transparent_parameter
p01,1,7.0,5.932784186199017,5.776427323338856,6.123763704761583,4.802167139301455,5.645292714894833,5.26242387408238,5.584554154498139,5.735851112625117,5.533107384815279,5.616222750261006,5.533107384815279,10.5,delta_tilt,10.5
p01,2,6.0,6.027388540102651,6.092563504957041,6.121096876833487,5.705420450086364,5.68345628695548,5.614684538762667,5.992274722065032,6.0283434465108865,5.958309701480521,5.987158148146674,5.958309701480521,10.5,delta_tilt,10.5
p01,3,6.0,5.324008759050791,6.719549352772646,5.419816615969198,5.868602991566216,5.404652409434534,5.776308388066581,6.420352450436814,5.873078632841736,6.167377804097603,5.936837216351062,6.167377804097603,10.5,delta_tilt,10.5
p01,4,8.0,5.827853252592451,5.964712401005607,5.798034555803873,5.3963326734126715,5.730933773226643,5.482482364082033,6.232716060408345,6.053764367414299,6.3951811348143,6.27619076040516,6.3951811348143,10.5,delta_tilt,10.5
p01,5,7.0,6.391134261761122,6.18165438766543,6.52721817428044,6.536737895237281,5.8818428800910025,6.09344148000855,6.1176941464351335,6.311073126814302,6.1322601582334695,6.239774818071186,6.1322601582334695,10.5,delta_tilt,10.5
p01,6,6.0,5.791060026609683,5.996222936434416,5.824179958914239,5.5423175032959815,5.663848389495209,5.571026060794742,6.210023387804274,6.019324935231211,6.280851518120176,6.172928694381917,6.280851518120176,10.5,delta_tilt,10.5
p01,7,6.0,6.592788412995957,6.728278563666407,6.61487667317936,6.716650205928357,6.750673525788622,6.834910815457696,6.780630122188661,6.814204058747693,6.79007210184144,6.830792110649915,6.79007210184144,10.5,delta_tilt,10.5
p01,8,7.0,5.8627017538842106,6.020235400306573,5.987410090618016,5.507878898742034,5.61702133154438,5.5620153974878885,5.99167533098584,5.93313367644353,5.932850822209069,5.915600918638044,5.932850822209069,10.5,delta_tilt,10.5
p01,9,6.0,6.029446535117277,6.066774606721789,6.088097810194832,5.7782995994535815,5.729385223910012,5.661492048102925,6.112701691896483,6.0998260828981365,6.136884366760194,6.131251230559673,6.136884366760194,10.5,delta_tilt,10.5
p01,10,6.0,5.896376681814861,5.979085530017367,5.961425943795652,5.5606763873839045,5.630605860011511,5.525994011458642,5.969089971864426,5.939346670318024,5.93896043776672,5.930958907818146,5.93896043776672,10.5,delta_tilt,10.5
p01,11,7.0,6.088078715430843,6.141090526722816,6.14362283716195,5.698988772064797,5.825449405291983,5.6842433812595115,6.200683645874754,6.184956317104007,6.2842243168076015,6.26780852853427,6.2842243168076015,10.5,delta_tilt,10.5
p01,12,6.0,5.7711117120970545,5.656563341920792,5.780171760338634,5.025289343625264,5.580073738589595,5.211097043736727,5.5755602911196815,5.637477459095958,5.5910318124052605,5.6125852584942395,5.5910318124052605,10.5,delta_tilt,10.5
p01,13,6.0,6.342978115553206,6.217009074781707,6.500053881553895,6.445997374217615,5.827126091724888,6.03802547798867,6.084023036495245,6.263680153107302,6.066333375601529,6.171870094610463,6.066333375601529,10.5,delta_tilt,10.5
p01,14,7.0,6.3014702998705125,6.4564490879169885,6.391621447725795,6.61715598610844,6.004274715369197,6.255628354647175,6.449603752582418,6.4531731992624195,6.443733153343786,6.462166152167648,6.443733153343786,10.5,delta_tilt,10.5
p01,15,6.0,5.47651444112682,5.8864479033718276,5.556391168987935,5.400542728591979,5.461232652364378,5.502244847721909,5.946238511474574,5.684166105820909,5.867866056796503,5.743555657370454,5.867866056796503,10.5,delta_tilt,10.5
p02,1,7.0,6.001995310368335,5.8153905380847135,6.0507255994225515,5.10793314537325,5.747842807906819,5.335667859502009,5.855558886499103,5.931380422558656,6.030914366550261,6.035566565442471,6.030914366550261,11.2,delta_tilt,11.2
p02,2,6.0,6.304808429149291,6.072308769992159,6.441243637934164,5.833204301045562,5.917629061018163,5.793952137361795,6.096817346155016,6.2477254420701405,6.207128373934103,6.26440764607889,6.207128373934103,11.2,delta_tilt,11.2
p02,8,6.0,5.488957338522411,5.359847601083909,5.393756283327824,5.031616048145307,5.4754585747455735,5.1590032306478495,5.239916640782631,5.274367745387459,5.2465772472795,5.243839579742416,5.2465772472795,11.2,delta_tilt,11.2
p02,12,7.0,6.274422214872604,6.108113989962792,6.487175370485737,5.917640004081438,5.801108935375131,5.802006867049107,5.971032274809889,6.156551621024782,5.957891911430231,6.048867850365327,5.957891911430231,11.2,delta_tilt,11.2
p02,15,6.0,5.872099431766747,6.302285981383059,6.012199945630206,5.957239968764396,5.66715808461175,5.831461878351021,6.318321994515923,6.126983052105423,6.217168592160648,6.15516940243262,6.217168592160648,11.2,delta_tilt,11.2
p02,22,7.0,6.044883164134255,6.142001535813796,6.073365687159625,5.980960690263532,5.816338087395359,5.8042316517007775,6.337527109766967,6.238182067622996,6.3807697679400475,6.338185375177942,6.3807697679400475,11.2,delta_tilt,11.2
p02,23,6.0,5.740268284353306,5.586498678210243,5.656323731435084,5.332019289493319,5.5796510123759715,5.294417730099434,5.7104959145276,5.695087315387487,5.822479719224422,5.791093680408543,5.822479719224422,11.2,delta_tilt,11.2
p02,25,5.0,6.3485760664453394,6.2480026146682235,6.369553986212108,6.5440203334863885,5.975824384973739,6.0838755577242924,6.298695296124544,6.391161276723115,6.349996894563042,6.395120862677783,6.349996894563042,11.2,delta_tilt,11.2
p02,29,6.0,6.372816602073719,6.727174003703888,6.456916759300822,7.179181032430077,6.105149583583517,6.5802326177981625,6.5892473203987105,6.575181173525676,6.526286585190075,6.548322969615087,6.526286585190075,11.2,delta_tilt,11.2
p02,30,7.0,6.11522849623968,5.899443935943059,6.209094375948683,5.481435886101985,5.735107904083111,5.491543547088174,5.845299100588661,5.990887710274636,5.8712998686485,5.9335911013885845,5.8712998686485,11.2,delta_tilt,11.2
p02,31,7.0,5.981279894810308,6.0628176298481,5.968364950693245,5.904433744981368,5.735284206824898,5.678850305605585,6.211399725016419,6.127590530063398,6.246901968023173,6.2095674633699565,6.246901968023173,11.2,delta_tilt,11.2
p02,33,5.0,5.751174754060653,5.655734541759819,5.748977323553113,4.885542834554899,5.5841727878242855,5.142465258973397,5.454777713487891,5.551781932324663,5.425780869553443,5.46413517608637,5.425780869553443,11.2,delta_tilt,11.2
p02,35,6.0,5.74066345894917,5.758696078473107,5.749694710565074,5.194090614158293,5.586821485478861,5.316131292201077,5.742801254740544,5.714217100702158,5.787544204478802,5.7621462670852415,5.787544204478802,11.2,delta_tilt,11.2
p03,1,7.0,7.09952873565458,6.775329930939821,6.907306465708924,7.559079303103118,10.449878534777561,8.98220783777277,6.793286297905787,7.16930032683497,6.825583215087048,7.037740300004376,6.825583215087048,11.2,delta_tilt,11.2
p04,2,8.0,5.239776112162146,5.486525343394789,5.224282069045423,5.8238606281300695,5.357360132783685,5.648282382706144,6.033688507106286,5.614874630890553,6.094398494256631,5.888017987626864,6.094398494256631,10.8,delta_tilt,10.8
p04,3,7.0,5.431763977428325,5.20329102782129,5.300351417037595,4.969143220639566,5.443100898046451,5.081801922603778,5.0794288661892155,5.145668383925216,5.122689681868714,5.126283774623101,5.122689681868714,10.8,delta_tilt,10.8
p04,4,5.0,3.630218612880906,3.2797071070933437,4.200771521630114,6.746099493845959,4.638540266062092,6.91634845815539,3.0763287508593544,2.9404207872784967,3.0466325230735363,2.914818795787344,3.0466325230735363,10.8,delta_tilt,10.8
p04,6,5.0,5.467473858845667,5.233594162505158,5.320168377320433,4.875264614693123,5.459048742228793,5.014415121737956,4.990045688755722,5.111531684070908,4.97027292915717,5.008280039353313,4.97027292915717,10.8,delta_tilt,10.8
p04,7,9.0,6.720959939617149,6.677128413276202,6.706655500553174,7.222163975610655,6.834957821504368,7.085570166747072,6.723162372138927,6.850582955140123,6.751294892402414,6.828352912297677,6.751294892402414,10.8,delta_tilt,10.8
p04,9,4.0,5.078787608877536,4.827890398521378,4.9469591252400935,5.255141552979823,5.2854635186357415,5.26952281408255,4.398159683251632,4.539428006382593,4.3173536920135955,4.359750330937549,4.3173536920135955,10.8,delta_tilt,10.8
p04,11,6.0,5.010834358016647,4.693618228757989,4.929122666979205,5.325083294973967,5.255115956185231,5.364321940650728,4.500934383598958,4.563792335892159,4.514969799826655,4.507030460662358,4.514969799826655,10.8,delta_tilt,10.8
p04,13,7.0,5.883727696417255,5.979784560185148,6.083985758539922,4.8620506786168285,5.644945504649009,5.307972266043501,5.663435009039551,5.7480472715290585,5.588898318593128,5.635416601781397,5.588898318593128,10.8,delta_tilt,10.8
p04,15,7.0,5.676361866142418,5.752040910581803,5.581734336364332,5.802365350250303,5.55233702154273,5.4989634435561845,6.0056300959793,5.839625898194781,6.034043936802328,5.952839403690827,6.034043936802328,10.8,delta_tilt,10.8
p04,18,8.0,6.050952067205175,6.230618292632776,5.878720407835099,5.68730542051264,6.110838122981316,5.764178299265117,6.698523466415344,6.464840775756482,6.808764800816245,6.6994832981911365,6.808764800816245,10.8,delta_tilt,10.8
p04,20,5.0,4.8454557640869975,4.455714527091187,4.828942985345992,5.495301302228114,5.18125875077306,5.537015157658932,4.191380392258525,4.2855655120155935,4.247200882398403,4.239484173986602,4.247200882398403,10.8,delta_tilt,10.8
p04,22,6.0,5.512202253466553,5.160219420419543,5.283450012775688,4.809044054121597,5.47902420671168,4.892511842509714,4.8481668500684,5.050728855551437,4.7981690091485865,4.876197577093344,4.7981690091485865,10.8,delta_tilt,10.8
p04,23,8.0,5.2716232769685005,5.765210996592567,5.293050883772755,5.88713619696678,5.525785479732561,5.890861285900254,6.885270177689732,6.146063344785353,6.885347447526932,6.557726740387197,6.885347447526932,10.8,delta_tilt,10.8
p04,24,7.0,5.487905601577362,5.225865565579098,5.368711380746004,4.845794079387122,5.468173450475529,5.02586871454849,5.032596360187202,5.148502539137957,5.011189132769681,5.047884514005237,5.011189132769681,10.8,delta_tilt,10.8
p04,29,4.0,4.66991968459002,4.28590181149122,4.7234518478132985,5.675974029835723,5.102865266026356,5.7211751838392555,3.967523531844549,4.053397005390077,3.896017693850137,3.899514455471591,3.896017693850137,10.8,delta_tilt,10.8
p04,30,6.0,4.89160757823621,5.2361071016480585,5.02004586082006,5.541334982157405,5.201869906889267,5.701804778019185,5.481228227155677,5.088975864399821,5.470941978930771,5.274820498648334,5.470941978930771,10.8,delta_tilt,10.8
p04,32,6.0,5.694080099055604,5.557191944458943,5.643750210448755,5.077200695395111,5.5602498906554425,5.183356759032214,5.5543564645612875,5.577286190106692,5.612986747424364,5.605479050293319,5.612986747424364,10.8,delta_tilt,10.8
p04,33,8.0,5.692276440006352,5.668079060036204,5.771033541197081,4.947654922482688,5.559444386063048,5.251474464902497,5.590548198378835,5.598113766673084,5.559403341289794,5.560202584853792,5.559403341289794,10.8,delta_tilt,10.8
p04,35,6.0,5.345702908140085,5.660095033856721,5.419996611428187,4.980415608910891,5.404666479653001,5.309006142891706,5.448718209663793,5.320734957925788,5.24216173004841,5.203447480141532,5.24216173004841,10.8,delta_tilt,10.8
p04,36,8.0,6.0221145693434845,5.790294398809286,6.181471610829749,4.911489753886207,5.706748350212011,5.272288186178753,5.6320722193386645,5.805737593810821,5.630612710664386,5.7068351277160305,5.630612710664386,10.8,delta_tilt,10.8
p04,37,5.0,4.5878580841510885,4.937552452531529,4.710617765387238,5.7604369688829795,5.066216989269039,5.844553533146766,4.933376515325719,4.590444556115605,4.721431535799239,4.567960497203806,4.721431535799239,10.8,delta_tilt,10.8
p04,39,7.0,5.73139765736082,5.43448515184932,5.709188637142851,4.583434415270622,5.576915714833398,4.963028791051481,5.188445905877978,5.377275242602175,5.134739870691635,5.215478654829298,5.134739870691635,10.8,delta_tilt,10.8
p04,40,4.0,5.399988989492683,4.996881233864577,5.146261814694433,4.924540973809044,5.428910356482588,4.938950838994562,4.653262106055564,4.871072763593788,4.595132162326171,4.6768113007000185,4.595132162326171,10.8,delta_tilt,10.8
p04,41,6.0,5.005436380621494,5.203677741599928,5.094978814160005,5.330639231407896,5.252705248028808,5.542807360785376,5.369150932326454,5.084395901113516,5.2102509341496495,5.086918148658784,5.2102509341496495,10.8,delta_tilt,10.8
p04,42,6.0,5.766389910643122,5.531331048214554,5.874823389547198,4.547418196475222,5.592543070085948,5.074105954416284,5.325302891559302,5.47917898115658,5.241672156826916,5.314122866571122,5.241672156826916,10.8,delta_tilt,10.8
p04,43,7.0,5.853671814955171,5.685172409529636,5.981131702025925,4.699281324953516,5.631522706944407,5.157076176502504,5.492371638520836,5.628247367501609,5.452059644824805,5.51307163017229,5.452059644824805,10.8,delta_tilt,10.8
p04,45,6.0,5.361515821957898,4.996785016787162,5.127228185530602,4.964139967577921,5.411728443334371,4.983491550749664,4.663928108203491,4.856208216315394,4.603075324309332,4.673293396106026,4.603075324309332,10.8,delta_tilt,10.8
p04,46,7.0,5.753925965943948,5.501297930345795,5.729028994179967,4.630591053950303,5.5869767383012885,4.980613299034539,5.2616127819968135,5.433870235938657,5.2226029076711615,5.2948882098743235,5.2226029076711615,10.8,delta_tilt,10.8
p04,49,6.0,5.3284452261839235,5.341003008797091,5.282801418454494,4.99817829610397,5.396959290161981,5.197496212441259,5.105985806319401,5.1044918005457,5.04235387335191,5.031834451239382,5.04235387335191,10.8,delta_tilt,10.8
p05,1,3.0,5.827353852611285,5.558632499520214,5.815299536435987,5.254373333257672,5.763033746669081,5.307628673384459,5.600048481240132,5.657694877599878,6.498763236440604,6.3488879231877355,6.498763236440604,15.0,delta_tilt,15.0
p05,3,6.0,5.304885607126835,4.856463182552532,5.294582575504864,5.373375809784191,5.482895769019758,5.36552763676088,4.346251114214141,4.623469587521131,4.09578887714833,4.183624996608383,4.09578887714833,15.0,delta_tilt,15.0
p05,4,4.0,5.486280382338402,5.3209720625949775,5.4757454939290415,5.304242635522093,5.563297348702967,5.320502862231565,4.978928564327682,5.093837486520847,5.0389352164993655,5.0256210752625154,5.0389352164993655,15.0,delta_tilt,15.0
p06,1,6.0,6.372023621103027,6.391350268937194,6.392564528586486,5.722169194313277,6.4218178422280285,6.112380037274004,6.672247035406774,6.613739308896621,6.792160484669148,6.768619062216803,6.792160484669148,12.0,delta_tilt,12.0
p06,2,6.0,6.872537729987648,6.732161273868766,6.844211229940253,7.24810533047385,7.301858079954773,7.449828447224196,6.772721359751602,6.965790926686129,6.811046682948455,6.910876852703071,6.811046682948455,12.0,delta_tilt,12.0
p06,3,6.0,6.094046768138192,5.800813350437767,6.193867167004979,4.897922144531113,5.749945652662307,5.265705849284183,5.590514802907025,5.822460557004227,5.592713515665373,5.681367010469552,5.592713515665373,12.0,delta_tilt,12.0
p06,4,5.0,6.009300036618571,5.729774701888198,6.073115843624154,4.820387965215177,5.72054058084553,5.195210762068386,5.506042598969712,5.723677566927839,5.4862762982959214,5.5697322692618645,5.4862762982959214,12.0,delta_tilt,12.0
p06,5,7.0,6.037093588666417,6.12560853235936,6.084956140011927,5.757797357862529,5.853251694342213,5.772303446116404,6.320427968354456,6.21289870882802,6.408412304009265,6.358720222588802,6.408412304009265,12.0,delta_tilt,12.0
p06,7,5.0,5.7706400131983155,5.542255780271325,5.774543340784491,4.881781353414337,5.637731308999551,5.190115232012412,5.351851228320552,5.494091047218885,5.2923069901396635,5.345048930609032,5.2923069901396635,12.0,delta_tilt,12.0
p06,8,8.0,5.686825901750472,5.941577194664614,5.726226495178767,5.986199563132579,5.6086498338536614,5.811505244589379,6.301381557383969,5.9962981076475455,6.1773910066067765,6.074466298999813,6.1773910066067765,12.0,delta_tilt,12.0
p06,9,3.0,5.1617026749639,4.796285439512001,5.129143685135556,5.474614412736879,5.426444739693279,5.5411488352144636,4.66134360662334,4.73578473702333,4.8481993858319985,4.814853392819844,4.8481993858319985,12.0,delta_tilt,12.0
p06,10,6.0,6.001311805881677,5.693766311007438,6.063247145578466,4.725975999892242,5.721780853866636,5.14966961610749,5.449020577637714,5.685877447038525,5.429989558035984,5.519985891967021,5.429989558035984,12.0,delta_tilt,12.0
p06,11,5.0,6.019638352096914,5.969979603543479,6.018602459266976,5.487421684875786,5.800008450922933,5.531283678098652,6.074212629589297,6.059679156544724,6.234963255688411,6.207231580488854,6.234963255688411,12.0,delta_tilt,12.0
p06,12,9.0,6.089235513290706,6.264231885621268,6.139603313193512,6.127010222616168,5.910022016973572,5.994477747081893,6.48600159512602,6.339644290288125,6.499454529968222,6.449076157443942,6.499454529968222,12.0,delta_tilt,12.0
p06,13,9.0,6.661610577818975,6.520782861358368,6.695454887552319,7.372554452744443,6.445095489288434,6.855486295176774,6.52793060939238,6.699867476934483,6.587214534880759,6.667864541821734,6.587214534880759,12.0,delta_tilt,12.0
p06,14,5.0,5.988800620021212,5.774261262142555,6.0017089553160785,5.038569068525048,5.713427777715088,5.248649500595577,5.609768324078292,5.771881593826842,5.638035276525528,5.693254469756855,5.638035276525528,12.0,delta_tilt,12.0
p06,15,4.0,6.249472297171094,6.229220699489987,6.247667214945701,5.813354664345798,6.117391674099261,5.894884667037582,6.474878837805571,6.427213794352796,6.62724625495362,6.5978601464366164,6.62724625495362,12.0,delta_tilt,12.0
p06,16,3.0,5.750649378008964,5.499562835570257,5.581244004055909,5.036667916080029,5.630795040746305,5.063303080558059,5.266286625099197,5.432673194167326,5.3375872163347715,5.378404738651245,5.3375872163347715,12.0,delta_tilt,12.0
p06,17,5.0,5.51416454913571,5.428417026269861,5.529939804259156,5.139230753876719,5.548740508944257,5.374806281128212,5.377832886265167,5.3586763019083445,5.33006871816827,5.312381617757307,5.33006871816827,12.0,delta_tilt,12.0
p06,18,3.0,4.78129208964115,4.1665211821393955,4.868103192555783,5.844964458522294,5.294451441772544,5.9320164539764795,3.398193670917378,3.779048077538273,3.1491411878235933,3.278091209002584,3.1491411878235933,12.0,delta_tilt,12.0
p06,19,4.0,5.578101769071736,5.208377677932218,5.324492123369742,5.06922762930391,5.570925182149602,5.004205973346204,4.776756335368404,5.047151562906259,4.617015225615373,4.7238338775044895,4.617015225615373,12.0,delta_tilt,12.0
p06,20,7.0,6.034298630746078,5.76525650838632,6.054064441561463,5.013404830706337,5.729214490062519,5.237213884007585,5.597666149080184,5.791552553580457,5.6344677785054005,5.701704941762207,5.6344677785054005,12.0,delta_tilt,12.0
p06,21,3.0,5.480473878529955,5.087102943938364,5.268573765784244,5.164273601017357,5.537050658834955,5.117884537230141,4.631320690229693,4.905408463255776,4.502151224055146,4.601804214752056,4.502151224055146,12.0,delta_tilt,12.0
p06,22,7.0,6.059171649178926,5.752238896203424,6.208265289380184,4.608479945287527,5.737844827542244,5.182071171747062,5.451352425273397,5.721184249404362,5.357856250406404,5.4734100451563155,5.357856250406404,12.0,delta_tilt,12.0
p06,23,6.0,5.892920274861926,5.868207331833009,5.852443189731365,5.308569389734746,5.8104365945684755,5.464095697523227,6.157916697543462,6.033926539260285,6.461712436500796,6.367554992557881,6.461712436500796,12.0,delta_tilt,12.0
p06,24,3.0,5.787442631951437,5.841012481606017,5.943578075363467,5.042539146220038,5.643561412441724,5.453725872442749,5.743194106665005,5.73120284983757,5.62197996446368,5.628851938384667,5.62197996446368,12.0,delta_tilt,12.0
p06,25,4.0,4.994526516227372,4.566853384002031,4.990237542168552,5.6373693423605475,5.3684386447613175,5.683724872027745,4.002534586265817,4.255115372497971,3.8040904555418864,3.887275778104547,3.8040904555418864,12.0,delta_tilt,12.0
p06,26,4.0,5.187790447671686,4.661766612782398,5.1009333849949146,5.449216571063859,5.435496567607546,5.458687067203406,4.068830317924797,4.407022249631697,3.8960431868279928,4.01399832379151,3.8960431868279928,12.0,delta_tilt,12.0
p06,27,4.0,5.8549340121281706,5.754787509707124,5.791652430880009,5.073414310541689,5.690931709224124,5.217979051469873,5.635621633886308,5.708340355140772,5.812223785948433,5.807203030101773,5.812223785948433,12.0,delta_tilt,12.0
p06,28,6.0,6.142367534205745,6.09128249770315,6.102461603187278,6.236676715107408,5.766711793031144,5.7758972101576,6.124578369138357,6.16094506665918,6.100871922371156,6.124476566387642,6.100871922371156,12.0,delta_tilt,12.0
p06,29,8.0,6.4643568335086155,6.3611188179939075,6.5592796027111335,6.8325407121717205,6.0178777747967604,6.331855719479031,6.291286077987104,6.446698202144445,6.319315301336113,6.3909318120701215,6.319315301336113,12.0,delta_tilt,12.0
p07,5,8.0,6.129926569143088,6.175070949087694,6.174253131691916,5.984533555064493,5.879061749513745,5.866722433351968,6.203365882321193,6.195130867155802,6.212109426985606,6.212623970874415,6.212109426985606,11.9,delta_tilt,11.9
p07,6,4.0,5.92987697307232,5.841795882177243,5.977587754822571,4.9764818728638645,5.743874302598238,5.31609178007007,5.520839736317252,5.679837609531114,5.420592986524314,5.482635833602816,5.420592986524314,11.9,delta_tilt,11.9
p07,7,7.0,6.057652416377557,6.345032313512315,6.001580618259027,6.00108747707861,6.1533178655482565,6.048868288258262,6.8470328485107474,6.538555173944179,6.829826272312725,6.736344967800904,6.829826272312725,11.9,delta_tilt,11.9
p07,8,7.0,5.637220207118574,6.338675273900218,5.673311564390858,5.932390889462899,5.7321778578935705,5.9302605695132735,6.753262181365921,6.253118737921524,6.650719035549853,6.495637653217614,6.650719035549853,11.9,delta_tilt,11.9
p07,10,4.0,5.8287733108226725,5.780915825548341,5.79342465439831,5.54241107371129,5.716074369038031,5.523885002876008,5.947058862729115,5.878159458237775,6.076173214946257,6.033546916869366,6.076173214946257,11.9,delta_tilt,11.9
p07,12,8.0,6.568570485761768,6.849473679159234,6.459258961131352,6.524993452245823,7.050105473754421,6.8750265829632795,7.036416795109677,6.930296243738717,6.935439668657025,6.931226101393943,6.935439668657025,11.9,delta_tilt,11.9
p07,13,4.0,6.070391847285833,6.304150225321541,6.214633863377561,5.742760567236957,5.809232452974769,5.833145112578515,6.096001276271222,6.098742200773544,5.98558036103151,6.003244842717282,5.98558036103151,11.9,delta_tilt,11.9
p07,14,7.0,5.928151044666901,6.514554805118768,5.8981286097177685,6.089400010730562,6.026988712310486,6.069309066041018,6.891717921231166,6.494399253575886,6.804830695516609,6.688494712999277,6.804830695516609,11.9,delta_tilt,11.9
p07,15,3.0,5.535251966205166,5.461752686510542,5.467712474016127,5.611809450820528,5.642527508174061,5.591827271275595,6.23931966735295,5.891687443257719,6.658984520281033,6.482313237476343,6.658984520281033,11.9,delta_tilt,11.9
p07,16,3.0,5.70121656001353,5.508466975110584,5.554348706553621,5.104995403905879,5.637516724829299,5.138234776651581,5.1445024725725075,5.33106098550163,5.0689865460965695,5.13021987884058,5.0689865460965695,11.9,delta_tilt,11.9
p07,17,6.0,6.012389986631286,6.38477747534706,5.981782542822302,6.240237443363405,6.047766027603074,6.125111695740128,6.829631025204204,6.503479342798718,6.7508673817763665,6.658429629092786,6.7508673817763665,11.9,delta_tilt,11.9
p07,18,4.0,5.545426200031779,5.623794297674731,5.481067835275832,5.201514970784006,5.565053436996657,5.302488744078592,5.3570255521470544,5.3723881561705005,5.214219870052601,5.225412684008103,5.214219870052601,11.9,delta_tilt,11.9
p07,19,7.0,5.788945709875717,6.126741997433929,5.748465671828596,5.832287562237759,5.910044001057829,5.877183467942006,6.822752209231951,6.377334418597939,6.82971015718962,6.6821514341467845,6.82971015718962,11.9,delta_tilt,11.9
p07,21,5.0,5.887588416351294,5.654729490261203,5.916086417755203,4.993397592411028,5.724204485684909,5.301546696091884,5.454309938627176,5.617161089053032,5.401415290722183,5.457411691852724,5.401415290722183,11.9,delta_tilt,11.9
p07,22,4.0,5.588058494550119,5.302345255665287,5.399961259841428,5.17510222867074,5.584883137813899,5.12547446159455,4.914882907902624,5.132654715092788,4.789854127428319,4.8642081723005655,4.789854127428319,11.9,delta_tilt,11.9
p07,23,8.0,6.319175086292493,6.8005311377675435,6.282763155999417,6.661401563825335,6.531988447900927,6.657393581040525,7.023457371333938,6.786358716713926,6.869744318728273,6.82377518292762,6.869744318728273,11.9,delta_tilt,11.9
p07,24,3.0,5.835386093508324,5.547540897383337,5.772495275201649,5.021870971414199,5.6999234457916454,5.199177695745334,5.305860201247233,5.500337013939352,5.279215760762404,5.340419991159777,5.279215760762404,11.9,delta_tilt,11.9
p07,25,3.0,5.725945756076649,5.319920449061297,5.486018093683126,5.089674486144754,5.6490190979697275,5.007769533612434,4.873346198179361,5.183264183908682,4.7562937254102335,4.862721658802942,4.7562937254102335,11.9,delta_tilt,11.9
p07,26,8.0,6.450124043082345,6.645949318369415,6.411007001286665,6.3799272789210155,6.652612890598195,6.561063117771372,6.884587787864807,6.775277123591071,6.850496909004706,6.833364096008649,6.850496909004706,11.9,delta_tilt,11.9
p07,27,5.0,6.004319246192328,5.958484678866279,6.060058748369766,5.42548216231945,5.802052196614412,5.5791016456620754,5.939307342384641,5.969437421485164,6.001518595943888,6.003832377769289,6.001518595943888,11.9,delta_tilt,11.9
p07,28,6.0,6.335269624707319,6.425324755644663,6.339394735245443,6.53980900277047,6.161383870394537,6.276258016517293,6.532644961606943,6.503176907703442,6.550724495524211,6.5490254861186346,6.550724495524211,11.9,delta_tilt,11.9
p07,29,3.0,5.529642217101698,5.188572342074577,5.3534781561413896,5.2112939018821915,5.5577117805659135,5.162252767877444,4.771105465254283,5.015215808774778,4.664011213082467,4.742790766734902,4.664011213082467,11.9,delta_tilt,11.9
p07,33,4.0,5.578252692344565,5.8522179780674035,5.620947835029126,5.181177391356567,5.5803221324491625,5.430335910216635,5.628217495370212,5.551645053112102,5.417120528479851,5.408825797437641,5.417120528479851,11.9,delta_tilt,11.9
p07,35,4.0,5.8177238018001995,5.665159684663745,5.781243838615071,5.032813604488177,5.691708125357314,5.240067139265519,5.403430500381868,5.548731631436797,5.318529571614799,5.371121992222605,5.318529571614799,11.9,delta_tilt,11.9
p07,36,7.0,6.4188360552854995,6.608536647144956,6.3453206481071405,6.406025134743468,6.613433187608093,6.506862030162678,6.896447985809345,6.76524192262023,6.8574852468675465,6.833155171616567,6.8574852468675465,11.9,delta_tilt,11.9
p07,37,3.0,5.7071763841241605,5.404736563286508,5.531411468217733,5.101303008292343,5.640288837622486,5.098346398173881,5.050817384543304,5.278585305884053,4.98651965060381,5.059559073621479,4.98651965060381,11.9,delta_tilt,11.9
p07,38,8.0,6.366121513281392,6.657514675404568,6.344938076839291,6.609646033643802,6.456101381152642,6.552759795308263,6.861117875951703,6.715430362118654,6.792960881714743,6.766317729113402,6.792960881714743,11.9,delta_tilt,11.9
p07,39,5.0,5.589350711585956,5.26220523891678,5.392599363410522,5.174301638514673,5.58548419101784,5.113707439007537,4.843133833665786,5.090678667682276,4.717137197339954,4.801103738489398,4.717137197339954,11.9,delta_tilt,11.9
p07,40,8.0,5.706439439149964,6.743307777919861,5.766432705737111,6.340996783782552,5.866453133081187,6.270217175148655,7.127617283073224,6.513624016549098,6.803708968084489,6.642885311989872,6.803708968084489,11.9,delta_tilt,11.9
p07,42,3.0,5.843344610462278,5.580420546555548,5.7825642036458405,5.016940290148183,5.703625217228742,5.199044709844477,5.327082272714978,5.517308756881798,5.284369025571524,5.346512577130222,5.284369025571524,11.9,delta_tilt,11.9
p07,43,7.0,6.202682281284266,6.6368746039113615,6.1536214316429865,6.337192047236848,6.394526256382187,6.3962483800986405,7.011119512063983,6.7153868667894905,6.88544872314111,6.8140090565717735,6.88544872314111,11.9,delta_tilt,11.9
p07,44,3.0,5.568974798416318,6.456355644414777,5.654610030492404,5.900800064774957,5.647747022686331,5.92982626196189,6.6656651400463645,6.163731274640381,6.479668208256824,6.332848007857863,6.479668208256824,11.9,delta_tilt,11.9
p07,45,8.0,6.349841888024043,6.78630525580252,6.326774871146155,6.308526688615357,6.622957844612103,6.565885012391214,7.0074310905885335,6.793576296337801,6.898250489753034,6.854788501373737,6.898250489753034,11.9,delta_tilt,11.9
p07,46,4.0,5.766781607029953,5.423354558258039,5.61020781658361,5.064374726598822,5.668013213021947,5.10176986035188,5.102573581650006,5.341932298452938,5.0750154876216005,5.148672075187782,5.0750154876216005,11.9,delta_tilt,11.9
p07,47,3.0,5.696371084783548,5.326933622540509,5.466555788096638,5.107997407178556,5.635262932833972,5.031704078431616,4.882968247930137,5.172833431046704,4.758620729306039,4.858795811423662,4.758620729306039,11.9,delta_tilt,11.9
p07,48,5.0,5.7151700534742105,5.405559739694093,5.537662270373714,5.096350548438446,5.64400695961039,5.0931701423641575,5.053913380377261,5.284793458117916,4.989245094267462,5.063543164951363,4.989245094267462,11.9,delta_tilt,11.9
p07,49,4.0,5.7553092964270665,5.417993055791315,5.544694737199706,5.071482370811285,5.66267705906852,5.035382148771948,5.004635461245683,5.277404560588149,4.919097189642789,5.010497496740366,4.919097189642789,11.9,delta_tilt,11.9
p07,50,3.0,5.883315229381386,5.590022075936414,5.811486349750159,4.992176583161595,5.722216884029714,5.170115355606996,5.310627680791187,5.529353605623615,5.270448121667844,5.342428424058402,5.270448121667844,11.9,delta_tilt,11.9
p07,51,3.0,5.397061399301906,5.138585364564403,5.268003130489321,5.293434049140871,5.4960440242141155,5.271863895688448,4.742571415818675,4.925821391506157,4.6401995723610225,4.6953522661804,4.6401995723610225,11.9,delta_tilt,11.9
p07,52,8.0,6.463494676618211,6.491338905281308,6.516541284002383,7.20987877098537,6.064806616630616,6.528796003037727,6.361295310688536,6.471285767987215,6.308682317363311,6.3639256634899874,6.308682317363311,11.9,delta_tilt,11.9
p07,53,10.0,6.380041843717242,6.713338320399088,6.324986260650961,6.4965021417330275,6.592467693260787,6.576595254541366,6.954236011612351,6.77842799193902,6.866963280862292,6.833604685180105,6.866963280862292,11.9,delta_tilt,11.9
p07,54,3.0,5.196247758500359,5.524413019877308,5.129353814245574,5.417847688313766,5.402638908160543,5.425895973872841,5.192314999935546,5.083672422247128,4.84402689580603,4.832539632785768,4.84402689580603,11.9,delta_tilt,11.9
p07,55,5.0,6.02665192451511,5.843711866369233,6.0495952804311095,5.341989193996649,5.788887557347828,5.469026230915548,5.756678762100296,5.872994681865101,5.794084042293463,5.827572376846162,5.794084042293463,11.9,delta_tilt,11.9
p07,56,3.0,5.792210496804207,5.7202049321095,5.773338587136427,5.048620315173814,5.679841037023331,5.272313539875226,5.44650978945873,5.560422289568537,5.339837064506679,5.3845530689987,5.339837064506679,11.9,delta_tilt,11.9
p07,57,9.0,6.442966827142741,6.797300692441975,6.401599930828299,6.559425206412979,6.7216823063679625,6.7223307880402,6.984256160334104,6.83065806751314,6.882121221252568,6.85948030823007,6.882121221252568,11.9,delta_tilt,11.9
p07,58,4.0,6.078537529854712,5.847451634102221,6.089995163646758,5.150459116009649,5.878578072058206,5.416864448914594,5.833371740594394,5.946959283314774,6.094597448949269,6.099880659652656,6.094597448949269,11.9,delta_tilt,11.9
p07,59,6.0,6.334811663027555,6.292333827296092,6.404228261948181,6.199412342805251,6.0620979096818735,6.08813528672538,6.301373922706517,6.365348846791537,6.370234036224281,6.391656311088772,6.370234036224281,11.9,delta_tilt,11.9
p07,60,4.0,5.497625961833345,5.284531236103943,5.36208327565421,5.231129500772412,5.542819953362319,5.226903336148351,4.951656850678295,5.105133372731279,4.881955739970358,4.926259653450011,4.881955739970358,11.9,delta_tilt,11.9
p07,61,8.0,5.7028280153413675,5.674058691152568,5.572296829247617,5.4574930873883964,5.774202799237561,5.47525762094415,6.274831836377379,6.004348572880624,6.70729960853293,6.558148476630281,6.70729960853293,11.9,delta_tilt,11.9
p08,1,5.0,5.20089134100226,4.920537454548889,4.9789720132147135,5.102370935605174,5.310131663091005,5.064149586057669,4.592241411824568,4.723318438048011,4.501090064707157,4.558557079888899,4.501090064707157,9.9,delta_tilt,9.9
p08,2,8.0,5.825111004193229,5.992964872656884,5.776074782379694,6.056897993300318,5.6476469254494335,5.720009112404624,6.159990862090447,6.040124136054829,6.145280035900145,6.094173356478999,6.145280035900145,9.9,delta_tilt,9.9
p08,3,8.0,5.583158016314937,6.043407501134117,5.535158676953839,5.82138898154433,5.699946355630014,5.789293269299717,6.682443970040615,6.283452996634645,6.713666908156393,6.531131905109311,6.713666908156393,9.9,delta_tilt,9.9
p08,4,6.0,5.939566730828748,6.194063586869947,5.9119885898907585,6.260222404956165,5.7051525251756114,5.841667144460644,6.211707081263863,6.1243428570549305,6.15742135875483,6.128045307232449,6.15742135875483,9.9,delta_tilt,9.9
p08,6,5.0,4.940273221567433,4.979922655114307,4.9961406083238,5.221785565152772,5.173634439977303,5.383791559697572,5.096186060606885,4.946193835886903,5.111950892941801,5.028048384656551,5.111950892941801,9.9,delta_tilt,9.9
p08,7,2.0,5.030575798817004,4.529866732470891,4.879717626955002,5.1804091296507595,5.220929889201275,5.1744350325788915,4.0599457278681275,4.294309768359581,3.965261830051184,4.064904408458028,3.965261830051184,9.9,delta_tilt,9.9
p08,8,4.0,5.881427277244175,5.662264270097214,5.963182863891591,4.790550917502104,5.666558398605587,5.147948960855473,5.364147039495447,5.533805967945821,5.292780076051839,5.375909824286463,5.292780076051839,9.9,delta_tilt,9.9
p08,9,2.0,5.133542008730518,4.772358296278616,4.937176639218939,5.133230246465636,5.274857842323706,5.10548797490486,4.445327043236653,4.596073591033619,4.372332330817669,4.434513919600489,4.372332330817669,9.9,delta_tilt,9.9
p08,11,7.0,4.272380911627193,4.038534088457331,4.45030143208825,5.527812302442417,4.823829730145389,5.676492473526747,3.9972932139147974,3.9231164108104255,4.030000519864409,3.9648005980363803,4.030000519864409,9.9,delta_tilt,9.9
p08,14,7.0,5.074913818201253,5.914757500293971,5.179168711421148,5.850752810297795,5.249528804955061,5.764250794941059,6.369882806472306,5.854178137176769,6.209791719111814,5.995515748758677,6.209791719111814,9.9,delta_tilt,9.9
p08,15,7.0,5.236747613846949,4.904004073036824,4.995526059016385,5.085941672943041,5.3289111772902515,5.037056104256382,4.519887290793496,4.690640304580389,4.4247996145256,4.500600767428867,4.4247996145256,9.9,delta_tilt,9.9
p08,16,6.0,5.341530509853452,5.112280169696552,5.054767232785755,5.037930388322172,5.383790609179776,4.967578389576055,4.741073121699494,4.883683756353163,4.608480230435021,4.679341396532326,4.608480230435021,9.9,delta_tilt,9.9
p08,17,8.0,5.6683456049992085,5.796183782501918,5.560913368523366,5.784196700974838,5.67442953438394,5.640650096423201,6.376868565267942,6.11666129457938,6.508525687209529,6.37298707764847,6.508525687209529,9.9,delta_tilt,9.9
p08,18,8.0,5.480586545985018,5.649074529911945,5.3996258782754945,5.864464962941181,5.456620398721343,5.588265656979247,6.078564827348311,5.836134246257714,6.120238239410918,6.00206426346106,6.120238239410918,9.9,delta_tilt,9.9
p08,20,7.0,5.719872349077769,5.495682997454403,5.660094518689237,4.91586168911312,5.581944945316655,5.093454393693687,5.285779159235899,5.411349156437403,5.257929130217787,5.312935129904542,5.257929130217787,9.9,delta_tilt,9.9
p08,21,7.0,5.533683112122371,5.554971249981522,5.400692673129568,5.524076453838565,5.491009857139974,5.3653520716828424,5.789626190360099,5.66649602819681,5.898266502551276,5.82292830411914,5.898266502551276,9.9,delta_tilt,9.9
p08,23,6.0,5.481482207731528,5.812799256646977,5.420414932638539,5.723075438014594,5.597272183198688,5.676707580710358,6.536496390760384,6.141939370096306,6.6366474461164975,6.444340019256763,6.6366474461164975,9.9,delta_tilt,9.9
p08,24,3.0,5.4704943427604675,5.128539826849248,5.198095074152631,4.978839453413171,5.451334666024639,4.944915763654544,4.793575658561493,4.974730141704581,4.737317958055051,4.816091805474821,4.737317958055051,9.9,delta_tilt,9.9
p08,25,7.0,5.073561544043821,4.866637006250985,4.905395510503621,5.160713158959162,5.243443423063225,5.1471599995872355,4.573683843146306,4.655621468511519,4.47153379577416,4.50713557942747,4.47153379577416,9.9,delta_tilt,9.9
p08,26,4.0,5.370982212045725,4.998551967616734,5.073209460955374,5.0244356853657415,5.399215766777931,4.949648668087171,4.603622168789527,4.804806951374142,4.507267434721124,4.598735601150533,4.507267434721124,9.9,delta_tilt,9.9
p08,27,7.0,6.070550861586661,6.173943911672428,6.05914882973502,6.412360019746562,5.772583340368824,5.932103056946061,6.208179220078979,6.178897691801376,6.159090720808348,6.156342745491174,6.159090720808348,9.9,delta_tilt,9.9
p08,28,5.0,5.847573613127354,5.545002322450577,5.852630319309866,4.8060625894000735,5.648827739071281,5.088806675645897,5.290844121051351,5.470208663592331,5.239149544532426,5.323053054277706,5.239149544532426,9.9,delta_tilt,9.9
p08,29,7.0,6.053560563411738,6.250747282076093,6.001146863734603,6.1654316763621155,5.949630212247191,5.9581142574449295,6.496976043037195,6.364128157250743,6.534987514674224,6.474658542923871,6.534987514674224,9.9,delta_tilt,9.9
p08,30,6.0,5.043870268084845,4.955401753672449,5.0831943693767165,5.287726866556815,5.22789279009921,5.401065929235522,5.325396919793024,5.144074347140031,5.486643994443507,5.370069374881724,5.486643994443507,9.9,delta_tilt,9.9
p08,31,9.0,5.6698124164900445,5.899416689050614,5.546052747393572,5.605186689765104,5.7749528393415375,5.634500985480082,6.568971949308175,6.245421307389097,6.721955779995508,6.556003027664954,6.721955779995508,9.9,delta_tilt,9.9
p08,32,5.0,5.558873985531777,5.272786854768853,5.28531563418817,5.16048460697625,5.497622989508154,5.038154283961525,5.182357428669899,5.272424566184164,5.314926548716349,5.328704938783146,5.314926548716349,9.9,delta_tilt,9.9
p08,33,5.0,5.634238375384918,5.321660908353461,5.497851738725296,4.949537455957649,5.537094650031683,5.04567029932244,5.148074677873825,5.28230281799416,5.1578627279137255,5.209703626821765,5.1578627279137255,9.9,delta_tilt,9.9
p08,34,9.0,6.572251492884732,6.578488350818463,6.633649841337898,7.385108244116786,6.255201986644683,6.730349511491024,6.477912465152764,6.576765671671996,6.4637436950379215,6.5200647770481925,6.4637436950379215,9.9,delta_tilt,9.9
p08,35,5.0,4.059046798084701,3.8344618192273487,4.335234855245232,5.625561508037896,4.712097229898969,5.822896802999211,4.328727973415372,4.051480030507758,4.525506835458605,4.345237422923015,4.525506835458605,9.9,delta_tilt,9.9
p08,36,7.0,4.320192078405631,4.419849781054711,4.548718305685628,5.661165059733158,4.848870550458402,5.791390775198673,5.582906158366544,5.001408067426283,5.907023406379236,5.5815058197169325,5.907023406379236,9.9,delta_tilt,9.9
p08,37,6.0,5.263912292031581,4.915964820160645,5.010884170712638,5.073494879185062,5.343138519376138,5.019044197425924,4.544872244317565,4.719105981241005,4.4513803176528075,4.528928399593829,4.4513803176528075,9.9,delta_tilt,9.9
p08,39,7.0,5.210657783324246,5.5086497614702425,5.229700675030593,5.793102976606943,5.3152467804110985,5.647667251333979,6.147523642133107,5.764852104825027,6.152044443461236,5.973923649338428,6.152044443461236,9.9,delta_tilt,9.9
p08,42,6.0,5.204580129129395,4.96387466021024,5.086339024892203,5.100680741275491,5.312063644401824,5.155671552354756,4.832668208588215,4.885272962637996,4.8465523223575655,4.855060046615269,4.8465523223575655,9.9,delta_tilt,9.9
p08,43,6.0,4.279327045969983,4.1809550870500205,4.505856218758659,5.672716372027009,4.902435339556409,5.875205266493154,6.588660941125367,5.654438668357253,7.196659010856308,6.6771656503494174,7.196659010856308,9.9,delta_tilt,9.9
p08,44,4.0,5.315952358092476,4.92801646935273,5.052758236052285,5.049650239281395,5.370394201073826,4.995652353605732,4.59336840108379,4.774059810076194,4.524111945178453,4.601867913030336,4.524111945178453,9.9,delta_tilt,9.9
p08,45,5.0,4.635608120947927,4.4877667401693495,4.730957637327799,5.361382421294073,5.014067866845696,5.5028563774920505,4.796191497539789,4.613747772501389,4.9265649553920055,4.806846711878197,4.9265649553920055,9.9,delta_tilt,9.9
p08,46,8.0,4.50738739295101,4.545245186823479,4.676112042729521,5.4332105465178815,4.9469130068722205,5.610606710027135,4.966831937320755,4.671848733429791,5.130172820918646,4.954851613953285,5.130172820918646,9.9,delta_tilt,9.9
p08,47,7.0,4.815015491056235,4.793535305882086,4.801624153583482,5.279178372373561,5.108031432690703,5.356438793661836,4.7364488786094165,4.651848449814057,4.699971829530882,4.649664127395027,4.699971829530882,9.9,delta_tilt,9.9
p08,48,6.0,5.287305749880466,4.978933752963965,5.061051833472357,5.062776050007259,5.355390706761746,5.036504761138354,4.65254226922462,4.8010797470066615,4.597098424413345,4.658474626927511,4.597098424413345,9.9,delta_tilt,9.9
p08,49,8.0,5.42764618005452,5.552277398015642,5.3448312698046525,5.491059737698068,5.474894294718939,5.436858334678114,5.972414769319587,5.742337185513517,6.177045310256053,6.039836676853842,6.177045310256053,9.9,delta_tilt,9.9
p08,50,8.0,5.749105017511276,6.126983681165061,5.776704536796391,6.212845235164443,5.618895286063346,5.885512736154699,6.349863732495736,6.133737467126387,6.264576614604835,6.180710954730769,6.264576614604835,9.9,delta_tilt,9.9
p08,51,8.0,5.756699019122265,6.02382125210842,5.794503873317789,5.990990372935533,5.6175696389510295,5.770421863950577,6.220923189764702,6.051040295498043,6.172179462664687,6.103168537791978,6.172179462664687,9.9,delta_tilt,9.9
p08,53,5.0,4.538948049925418,4.653655781444496,4.71579201563683,5.561886680511152,4.9668895264435555,5.689178383077733,5.645510353961329,5.138203064553537,5.894927082142466,5.616022941542883,5.894927082142466,9.9,delta_tilt,9.9
p08,55,7.0,4.79629407035368,4.733249204031485,4.783354577407049,5.408636121903389,5.132448100760166,5.46221425508526,5.411730799775313,5.094091807543028,6.136640681616584,5.8757396858804265,6.136640681616584,9.9,delta_tilt,9.9
p08,56,9.0,5.728880578914941,5.911360220375562,5.648886258751719,5.809365775082722,5.687541896875182,5.6573380402884705,6.321577487857343,6.106085280744874,6.416874824353046,6.306943146697151,6.416874824353046,9.9,delta_tilt,9.9
p08,60,5.0,4.668136161114175,4.645894114378348,4.749863886625079,5.384358292616805,5.031104238551747,5.501970967974162,4.987720354049342,4.755619553985241,5.143686436836243,4.999394298780793,5.143686436836243,9.9,delta_tilt,9.9
p08,61,8.0,4.975048914724634,5.0716982099853585,4.9579408723691065,5.449272904913177,5.255012760786566,5.504914198068781,6.022000140556218,5.578771321103594,6.458206087611649,6.187695518048444,6.458206087611649,9.9,delta_tilt,9.9
p08,62,4.0,4.953248691978798,4.619351417719964,4.8352440899746245,5.2158402341230685,5.180430267080906,5.225033894109732,4.303232971561814,4.422973667377004,4.23865720352687,4.283093230548421,4.23865720352687,9.9,delta_tilt,9.9
p08,63,5.0,4.750365689773875,4.409678872729849,4.720539995637249,5.308800764274786,5.0741714755663425,5.3595582094121745,3.9492125116035615,4.098715738919519,3.820571155563325,3.883557853084772,3.820571155563325,9.9,delta_tilt,9.9
p08,64,4.0,5.1129027679139565,4.948369198462512,4.925507818273144,5.14268709966371,5.264048160077724,5.119173102338088,4.6042834254330645,4.69312205984753,4.479457308500718,4.521988735901587,4.479457308500718,9.9,delta_tilt,9.9
p08,65,7.0,4.941325788510593,4.867642721341619,4.943855650229726,5.221303281373486,5.174185715787266,5.335896114732272,4.889946743771469,4.8091004840697975,4.934535720139266,4.876381188144525,4.934535720139266,9.9,delta_tilt,9.9
p08,66,8.0,5.487289402756557,5.939015884893093,5.551393553830607,5.937620427420487,5.460130980941137,5.756591152300311,6.259592039766218,5.959781908640965,6.160602274778934,6.037994387315308,6.160602274778934,9.9,delta_tilt,9.9
p08,67,6.0,5.115797365744002,4.9352165635557785,5.075636017178863,5.1413608015217624,5.265564188843065,5.2497884719638375,4.942988391296957,4.92027784897874,4.986818099208566,4.956928280730228,4.986818099208566,9.9,delta_tilt,9.9
p08,68,8.0,5.069146318370658,5.335771585762979,5.075309841973665,5.526542331471746,5.241130974315939,5.498188841942226,5.737658288309156,5.430012252057121,5.8697819173379004,5.703254168460348,5.8697819173379004,9.9,delta_tilt,9.9
p08,69,8.0,4.759283773630017,4.590917724598508,4.753601613898257,5.359545275334437,5.080204780938534,5.409345909639828,4.7123293521564875,4.611548651490163,5.013460661494582,4.906606288672224,5.013460661494582,9.9,delta_tilt,9.9
p08,70,6.0,5.363607692861036,4.989493671810035,5.067249024039256,5.027814673282779,5.395353405278693,4.952939815148306,4.620844230439516,4.813089196173234,4.52289573014445,4.610602097292468,4.52289573014445,9.9,delta_tilt,9.9
p09,1,6.0,5.750449127737189,6.147126648859368,5.8726313898997,5.705530423402265,5.583416402386221,5.659185688763907,6.117090762263999,5.93373965768904,6.027810862168292,5.953051139120293,5.705530423402265,10.9,upper_80,
p09,2,9.0,6.371721627408903,6.385266692064074,6.3724166333695615,6.454510357087875,6.407165875002934,6.451144892527621,6.533776946670694,6.5754273793723375,6.573435935739643,6.616065188984522,6.454510357087875,10.9,upper_80,
p10,1,3.0,6.283212409046213,6.56062298211047,6.578791804026729,6.202237243971176,6.164586229093536,6.068439252325643,6.356959243036494,6.349300255864186,6.276215416171937,6.288099710944396,6.276215416171937,10.9,delta_tilt,10.9
p11,2,8.0,6.026874394986404,6.1975794225272205,6.0385405838289286,6.327149513967793,5.78657473100818,5.96931368523516,6.329487134523957,6.239009448068461,6.28206826642746,6.259563533643838,6.28206826642746,10.7,delta_tilt,10.7
p11,4,8.0,5.28101288112873,5.373691937868628,5.397453430989915,5.229597430542387,5.38611945491194,5.473207692724176,5.590281681313574,5.419974156572123,5.518622238205531,5.4558528122173096,5.518622238205531,10.7,delta_tilt,10.7
p11,5,4.0,5.665710209552029,5.584814382212713,5.688400146820559,4.9782050182163635,5.56161059204679,5.2202754298309335,5.411388133432629,5.471825697356472,5.3347840410348075,5.3584345079127615,5.3347840410348075,10.7,delta_tilt,10.7
p11,6,4.0,5.655708232236483,5.5778754749999555,5.601201329681346,4.983602611187622,5.557047892378725,5.144898453668323,5.331175064854088,5.41433343005762,5.24755802078585,5.2794192531507464,5.24755802078585,10.7,delta_tilt,10.7
p11,7,6.0,5.868478407801643,5.779797431320537,5.8896885901340665,5.175726505675691,5.6541093412100665,5.312931739969496,5.650201575845064,5.719530546488742,5.650722130277926,5.672998999396971,5.650722130277926,10.7,delta_tilt,10.7
p11,9,10.0,5.764024848242281,6.432749099112858,5.806365933623455,6.357092222913245,6.019658315351176,6.370606809805267,7.098668863809847,6.631588094439692,6.868332120215281,6.734420539244126,6.868332120215281,10.7,delta_tilt,10.7
p11,10,3.0,5.080341250327358,5.132438982765878,5.188447540286616,5.294100893624237,5.294577117395918,5.510942469533232,5.435043773259116,5.228488478413008,5.378554103527205,5.297525470735473,5.378554103527205,10.7,delta_tilt,10.7
p11,11,4.0,6.092608717713639,6.008565462996333,6.079405014197342,5.909964755388575,5.756353053465752,5.658575732876646,5.9923871312155175,6.045075245217229,6.001539002794256,6.022116388707534,6.001539002794256,10.7,delta_tilt,10.7
p11,12,8.0,5.972817681448161,6.165105180123653,6.02142469656615,6.311410035991,5.701706806612539,5.9439831209771015,6.2509250656280875,6.163118122399066,6.147178449367529,6.130798386755529,6.147178449367529,10.7,delta_tilt,10.7
p11,14,7.0,6.2076136826742125,6.173774812816575,6.266156348931428,6.024660238766765,5.9116574291783275,5.885361025976694,6.206161786645846,6.237385578115265,6.25835389428029,6.2693293654527755,6.25835389428029,10.7,delta_tilt,10.7
p12,2,7.0,6.593459897963912,6.829778248644014,6.609338873154796,7.166552695112867,6.787884482879435,7.105732791125631,6.7839383465260665,6.8491719651734915,6.761892009423948,6.834816254494696,6.761892009423948,10.5,delta_tilt,10.5
p12,4,7.0,6.6453775363040855,6.5751302290951905,6.665042582908464,7.059345574749895,6.747336642797762,6.981992517741522,6.652046781900225,6.80482301573213,6.69519423161557,6.800051708109775,6.69519423161557,10.5,delta_tilt,10.5
p13,1,5.0,6.188902282978776,6.166880291378618,6.352746932108255,6.036885900053779,5.751028219432013,5.829276431743494,6.055387132545042,6.158867627426428,6.0237732351856295,6.086288327145623,6.0237732351856295,11.4,delta_tilt,11.4
p13,2,7.0,6.590865525593722,6.254123802245852,6.788391129880301,7.341250463725939,5.907139822003459,6.482459742721621,6.121884917443366,6.440325105232295,6.1062585571967825,6.277085648122962,6.1062585571967825,11.4,delta_tilt,11.4
p14,7,5.0,5.258830944063794,5.246616219397704,5.206907609385806,5.441016511138775,5.447512489295719,5.488596338427637,5.200168588303887,5.09477425007426,5.331563791012632,5.228716389176553,5.331563791012632,11.0,delta_tilt,11.0
p14,8,5.0,6.044753563191764,6.4391939677243535,6.018077830430275,6.366283714526985,5.961928318401263,6.098020900230296,6.723122095421587,6.441889168539872,6.677119836719462,6.564872740631793,6.677119836719462,11.0,delta_tilt,11.0
p14,11,6.0,5.775603639907599,5.895919138822248,5.769328048368385,5.730406987695209,5.653235865470499,5.621322257008791,6.10835076484821,5.927432257981775,6.1003487401535095,6.013226821845777,6.1003487401535095,11.0,delta_tilt,11.0
p14,12,6.0,6.046742151667472,6.7065884286868975,6.073013775456877,6.642311335760969,6.055839727152461,6.391700840268854,6.974825470652615,6.586536024255489,6.808378317154223,6.6719559018157675,6.808378317154223,11.0,delta_tilt,11.0
p14,13,4.0,5.4449983152806904,5.309547365030984,5.347981396468574,5.225268063714396,5.51987908754336,5.303285429567936,5.180481896372276,5.197080069005439,5.1740756837543005,5.158959442737881,5.1740756837543005,11.0,delta_tilt,11.0
p14,14,7.0,5.877771757523098,5.985970005155401,5.866424914225772,5.70715366316988,5.740202476838693,5.637856257570876,6.206439611904864,6.045630440722769,6.281824445003972,6.19224206101674,6.281824445003972,11.0,delta_tilt,11.0
p14,16,5.0,5.579310902577419,5.5199511503564285,5.554035332289835,5.077764694467597,5.572088800668542,5.285869836874801,5.373249601852519,5.388833005928092,5.282231692898282,5.288516420297863,5.282231692898282,11.0,delta_tilt,11.0
p14,17,5.0,5.628457861042611,5.663893729732017,5.693295465799898,5.092264298059203,5.591193105440619,5.383486243949047,5.5891858912087535,5.541854885610845,5.491703221795791,5.473725672798409,5.491703221795791,11.0,delta_tilt,11.0
p14,18,3.0,5.514673960279402,5.1628774167309475,5.316348118865865,5.136223137474977,5.5469632611894095,5.138901315275697,4.833271644354312,5.041708877539761,4.80409931581011,4.8805718776543925,4.80409931581011,11.0,delta_tilt,11.0
p14,20,6.0,5.821824026546402,5.839942777675238,5.7770147831226115,5.576490015599166,5.66635800422085,5.489203894599682,5.9254493213594035,5.851390173916641,5.968007217671027,5.9202798654338515,5.968007217671027,11.0,delta_tilt,11.0
p14,21,4.0,4.732072196582748,4.174295256894526,4.8390653754068484,5.844017766583537,5.2427519106657545,5.939489658077005,3.6805488092925387,3.90759650281443,3.6933925767442197,3.7359361899744656,3.6933925767442197,11.0,delta_tilt,11.0
p14,22,6.0,5.681200827554024,5.753263513217326,5.686061313305495,5.448858168903366,5.611695243076078,5.495920219801283,5.878801936984901,5.7390563183105066,5.8898758502118405,5.813110452326208,5.8898758502118405,11.0,delta_tilt,11.0
p15,2,5.0,4.716712435500203,6.51710905516832,5.269652654992707,6.073885491489689,4.963779232325249,6.051568538416138,7.31449949625774,6.03726562367434,6.814734536085656,6.102014079778916,6.814734536085656,8.8,delta_tilt,8.8
p15,5,7.0,5.511339284576534,7.007429788826751,5.930825520631083,6.105457433410987,5.4535344214307395,5.985833003640175,6.665062630164442,6.118506958746124,6.371625903881485,6.0920556489110576,6.371625903881485,8.8,delta_tilt,8.8
p15,6,9.0,4.802059173905028,4.293946602898108,4.634131037517409,5.118689323275032,5.016381290833062,5.143957288797314,3.9492896908610615,4.173115351022008,3.973065141933659,4.084951565902237,3.973065141933659,8.8,delta_tilt,8.8
p15,7,10.0,5.2680693482441585,4.92271460299826,4.922974851418488,4.995213789967142,5.31499532161791,4.989706421048992,4.911402600367146,4.984000406988087,5.1130617075941425,5.089142319776926,5.1130617075941425,8.8,delta_tilt,8.8
p15,13,6.0,4.662885415849209,4.456574227892192,4.640342397140268,5.239945719856159,4.939385511102709,5.301869449307157,4.750108394336719,4.549364738270247,5.163296186563288,4.889479842324591,5.163296186563288,8.8,delta_tilt,8.8
p15,16,6.0,5.391675398815514,6.49633852778615,5.629568421110889,5.721420815281976,5.5244595333510755,5.8667709184526355,7.082910841690008,6.288162954251549,6.945993190059134,6.459828835524792,6.945993190059134,8.8,delta_tilt,8.8
p15,17,6.0,3.919034678067578,4.290114960409818,4.4472634776076365,5.607367808348739,4.4901902342341,5.823489453932426,6.2963466070794,5.006569780287695,6.667021430954738,5.684491372707231,6.667021430954738,8.8,delta_tilt,8.8
p15,20,6.0,4.831875449413614,5.620865165608675,4.964185299034913,5.497366754297009,5.080616720239347,5.569513600771283,6.606121109474069,5.699944636617116,6.646363076502906,6.025421991842337,6.646363076502906,8.8,delta_tilt,8.8
p15,22,6.0,5.141664680234614,6.274087060281336,5.198582824600591,5.773985249219651,5.489988473850835,5.945476033391617,7.800859501779849,6.55450225110349,7.589046769174546,6.826350072663522,7.589046769174546,8.8,delta_tilt,8.8
p15,23,10.0,4.975273759304173,4.7389918289720985,4.805414549399457,5.142751988580619,5.123139251662847,5.1539718430562615,4.84797149930391,4.782018567147519,5.00959898675611,4.900356341972923,5.00959898675611,8.8,delta_tilt,8.8
p15,24,6.0,4.687193106716249,4.770057372641817,4.7590410049658,5.170087679824214,4.945585479537185,5.307461773693553,4.9613010826240735,4.683165495187597,4.954602835027866,4.748378077991232,4.954602835027866,8.8,delta_tilt,8.8
p15,25,8.0,4.831784794185863,5.178403996361415,4.836635013125758,5.454024807836729,5.1467653808597635,5.5586224984329435,6.975150233485429,5.909620089952363,7.231817351123453,6.44780575990276,7.231817351123453,8.8,delta_tilt,8.8
p15,26,6.0,4.569661970211243,4.223880497038931,4.537249625047759,5.222678557248325,4.873147096600966,5.2769259701079285,4.003698789692269,4.072333391855533,4.002515459172118,4.0156094924697845,4.002515459172118,8.8,delta_tilt,8.8
p15,28,7.0,5.4738417550419864,5.635048077543086,5.233247293849549,5.286161563296226,5.571806307840748,5.363768720852845,6.495477417603693,6.000877660675198,6.733085908588216,6.338240611962081,6.733085908588216,8.8,delta_tilt,8.8
p15,29,9.0,5.186812232824805,5.350189755603257,5.045499836899866,5.306940148533129,5.2718713609862045,5.277359492795392,5.774756875878813,5.428612470041149,5.939269435308949,5.653595754135211,5.939269435308949,8.8,delta_tilt,8.8
p15,31,6.0,4.861667439801824,5.272204621058279,4.877063520780175,5.098147578028715,5.053119865134282,5.236464658398507,5.261608063155464,4.952713930943281,5.119130315737587,4.935100701831435,5.119130315737587,8.8,delta_tilt,8.8
p15,33,5.0,4.276003150281568,4.237160383131271,4.436031226742688,5.3540801199548405,4.692155312779,5.456943928453532,4.2380822202952455,4.039116457217563,4.171275341422761,4.022902063880829,4.171275341422761,8.8,delta_tilt,8.8
p15,34,5.0,5.299922014267613,6.622658505049142,5.294405599841176,5.890655493394378,5.6761820665738165,6.082071981590903,7.919937589548193,6.711864114032697,7.646951392008331,6.929820204956339,7.646951392008331,8.8,delta_tilt,8.8
p15,35,5.0,4.78850496695752,5.049785337397069,4.84026709979553,5.4708421966544565,5.08636257979322,5.551588650197906,6.723113391902883,5.741854903539626,7.028693785799696,6.284376315507187,7.028693785799696,8.8,delta_tilt,8.8
p15,36,7.0,5.524975673979506,7.033424840673352,5.456089646803518,6.0589887583762465,5.966349185756596,6.324130754401904,8.034402265045568,6.904458785666597,7.6857739672402845,7.0455601849754474,7.6857739672402845,8.8,delta_tilt,8.8
p15,39,7.0,5.625604360549398,5.671473778606451,5.345119435592285,5.396012072575428,5.642936469725889,5.368909146126675,6.338159116638343,5.997477097945531,6.5487234334637865,6.264377581017369,6.5487234334637865,8.8,delta_tilt,8.8
p15,40,8.0,5.331962679870115,5.366906265626254,5.129986615047601,5.18372655310337,5.405571945421141,5.233491153789048,5.958765046757244,5.615447518772605,6.229263809902686,5.919414912503408,6.229263809902686,8.8,delta_tilt,8.8
p15,41,7.0,5.2071684055677805,5.152098048643054,5.019211913666369,5.096080766704412,5.277307449300935,5.131638918791862,5.303310518981418,5.172216041386574,5.460603829046626,5.316162274104161,5.460603829046626,8.8,delta_tilt,8.8
p15,47,6.0,4.924039034478219,4.700164467185082,4.735209668050728,5.1280166513891015,5.0915615716800104,5.135972145354474,4.650560782067953,4.64079034226938,4.764584877792331,4.703600966522857,4.764584877792331,8.8,delta_tilt,8.8
p15,48,7.0,5.376001489380197,5.515346184087942,5.246578086288539,5.446118573019293,5.3904995527496355,5.357757091190252,5.973573763799768,5.648821219656733,6.091078237101664,5.836877601215676,6.091078237101664,8.8,delta_tilt,8.8
p15,49,7.0,5.267296083158323,5.302304786463876,5.069189936700415,5.186529440670248,5.36212330334292,5.2331397275469405,5.931125813684092,5.563091825954467,6.225082409360676,5.8911901302017835,6.225082409360676,8.8,delta_tilt,8.8
p15,53,7.0,4.726754349538583,4.613748626389816,4.710586037120976,5.152385473124918,4.9699684008822445,5.248073574080426,4.7501702159389465,4.585595571539825,4.767591816883656,4.628866644688258,4.767591816883656,8.8,delta_tilt,8.8
p15,54,5.0,3.388543929035186,3.044794957754452,4.135621582102188,5.751185606308046,4.145184417911612,6.00407292765881,2.9673264250799463,2.8139803891016246,3.0064005511364464,2.8364752680169816,3.0064005511364464,8.8,delta_tilt,8.8
p15,55,8.0,4.745719611164627,4.6828075250567975,4.780741790037096,5.149395990312582,4.981657327961533,5.275319924468306,4.886054283445142,4.673569239920742,4.92496626104735,4.749808911338783,4.92496626104735,8.8,delta_tilt,8.8
p15,56,7.0,4.559253374852896,4.5362085887129435,4.582793603285,5.2273360223161,4.86673193004326,5.311109570809331,4.624028403093311,4.418980707515293,4.599351757191577,4.442183604738905,4.599351757191577,8.8,delta_tilt,8.8
p15,57,9.0,4.883603272365399,4.459762306128867,4.6700680190719295,5.082201326865619,5.066639654753582,5.09840042901857,4.138432768410664,4.326821785683928,4.146832024022855,4.24211533369673,4.146832024022855,8.8,delta_tilt,8.8
p15,58,4.0,4.644976687874808,4.5950833043462795,4.607839751541079,5.200602879120945,4.919566084122747,5.2620850761019655,4.52045460966662,4.408698571072738,4.525953858101816,4.42264124405169,4.525953858101816,8.8,delta_tilt,8.8
