held_out_participant,selected_family,selected_parameter,training_objective_median_rho
p01,tilted_hrr,9.3,0.7349656783964826
p02,tilted_hrr,9.3,0.7349656783964826
p03,tilted_hrr,6.2,0.7043844217709958
p04,tilted_hrr,8.9,0.6500319973234372
p05,tilted_hrr,6.2,0.7043844217709958
p06,tilted_hrr,9.4,0.7116001667432428
p07,tilted_hrr,8.9,0.6500319973234372
p08,tilted_hrr,9.3,0.7349656783964826
p09,tilted_hrr,6.2,0.7043844217709958
p10,tilted_hrr,6.2,0.7043844217709958
p11,power_hrr,12.0,0.6574704989688218
p12,tilted_hrr,6.2,0.7043844217709958
p13,tilted_hrr,6.2,0.7043844217709958
p14,tilted_hrr,8.9,0.6500319973234372
p15,tilted_hrr,9.3,0.7349656783964826
